pobreza_ing,anios_educ,edad,es_mujer,es_rural,es_informal,horas_trabajo,fexp
0,6,56,1,0,1,24.0,420.03
0,3,46,1,1,0,43.0,71.59
0,10,32,1,0,1,32.0,396.17
0,5,60,1,0,1,7.0,254.54
1,3,25,0,0,1,43.0,297.58
1,1,38,1,0,0,38.0,171.04
0,7,56,0,0,0,54.0,436.68
0,7,36,0,0,1,42.0,162.74
1,5,40,0,1,0,20.0,285.55
1,2,28,0,0,1,11.0,447.37
0,6,28,1,0,1,29.0,402.44
0,5,41,1,0,0,30.0,264.53
0,8,53,1,0,0,49.0,446.15
0,7,57,0,0,0,38.0,330.55
0,5,41,1,0,0,52.0,133.48
0,4,20,0,0,0,22.0,212.24
0,15,39,1,0,0,50.0,183.8
0,6,19,1,0,0,47.0,187.61
0,8,41,1,0,0,14.0,354.18
0,3,61,0,1,0,54.0,283.71
0,6,47,0,1,0,39.0,65.24
0,1,55,1,0,1,43.0,400.98
0,6,19,0,0,0,28.0,168.72
0,12,38,1,0,1,53.0,448.83
0,5,50,0,0,1,24.0,431.68
0,1,29,0,0,0,48.0,426.21
1,1,39,1,0,1,48.0,374.45
0,5,61,0,0,1,26.0,138.25
0,3,42,1,1,0,62.0,263.05
0,1,44,0,0,1,41.0,139.72
0,9,59,1,0,1,46.0,153.87
0,6,45,0,0,0,20.0,294.38
1,5,33,1,1,1,63.0,66.33
0,11,32,0,1,1,23.0,437.78
0,3,64,0,0,1,50.0,417.47
1,12,61,0,1,1,26.0,202.31
0,5,20,0,0,0,31.0,256.17
0,10,54,0,1,0,47.0,236.45
0,7,24,1,1,1,50.0,402.88
0,9,38,1,0,0,23.0,325.44
0,14,26,1,1,0,51.0,161.24
0,5,56,0,0,1,51.0,228.74
0,12,35,1,0,0,27.0,221.59
0,5,21,0,0,0,57.0,433.73
0,5,42,0,1,0,21.0,120.12
0,5,31,1,0,1,31.0,85.83
0,6,26,1,0,1,44.0,402.25
0,3,43,1,1,1,28.0,408.67
0,7,19,1,0,1,41.0,398.7
0,6,37,1,0,0,41.0,254.39
1,9,45,1,0,1,36.0,313.9
0,10,64,0,0,0,48.0,275.35
0,6,24,0,0,1,35.0,77.78
0,5,61,1,0,1,41.0,288.33
1,4,25,1,1,0,52.0,55.45
1,4,64,1,1,1,47.0,179.99
0,2,52,0,0,0,47.0,422.92
0,5,31,0,0,1,24.0,171.62
0,4,34,1,0,1,44.0,425.93
0,12,53,1,0,0,27.0,150.05
0,7,57,0,0,0,23.0,175.82
1,5,21,0,0,1,37.0,301.36
1,7,19,1,1,1,27.0,354.65
0,3,23,0,0,0,47.0,250.56
0,6,59,1,0,0,48.0,402.85
1,7,21,1,1,0,15.0,66.1
1,6,46,0,1,1,28.0,418.88
1,6,35,0,0,0,20.0,128.52
1,16,43,1,1,1,32.0,403.7
1,10,61,0,0,1,43.0,210.35
1,7,51,1,1,0,35.0,383.1
0,7,27,0,0,1,31.0,318.67
0,7,53,1,1,1,54.0,120.38
1,4,31,0,1,1,10.0,417.22
0,5,48,0,1,1,53.0,148.21
1,1,32,1,1,0,31.0,147.66
0,6,25,0,0,0,37.0,375.67
0,6,31,0,0,1,32.0,92.35
0,4,40,0,0,1,57.0,138.81
1,12,57,1,1,0,23.0,251.47
0,11,38,0,1,0,38.0,382.19
0,8,33,0,0,1,44.0,108.99
0,6,62,1,1,0,19.0,269.07
0,10,35,0,1,0,27.0,334.5
1,3,64,1,1,1,36.0,394.24
1,9,41,1,1,1,27.0,424.23
1,3,43,0,0,1,28.0,363.86
1,9,42,0,0,0,34.0,311.13
0,4,62,0,0,1,46.0,223.45
0,10,58,1,0,1,34.0,94.84
0,11,46,0,0,1,51.0,333.89
0,3,32,1,1,0,26.0,447.09
1,6,62,1,1,1,23.0,344.7
0,14,18,1,0,0,61.0,56.68
0,6,42,0,0,0,30.0,248.5
0,10,24,0,0,1,22.0,295.86
0,7,26,0,0,1,17.0,325.87
0,5,41,0,0,1,51.0,337.89
1,5,18,1,0,0,34.0,273.24
0,4,61,0,0,1,35.0,139.34
1,9,25,1,0,1,36.0,426.88
1,5,41,1,0,1,50.0,328.67
0,6,28,1,1,1,36.0,144.74
0,6,34,0,0,0,66.0,178.93
0,7,25,1,0,0,40.0,418.77
0,10,52,0,0,0,51.0,404.99
0,14,52,1,1,1,48.0,212.06
1,6,50,1,0,1,38.0,65.32
0,9,22,0,0,0,31.0,69.4
0,9,59,1,1,1,42.0,163.57
0,7,56,0,0,0,44.0,301.65
0,12,58,0,1,1,31.0,283.68
0,4,45,1,0,1,40.0,303.53
0,3,24,0,0,0,53.0,336.91
0,10,26,0,0,0,63.0,57.61
0,6,25,1,0,0,48.0,92.03
0,10,29,0,0,1,60.0,193.79
0,10,51,1,0,1,30.0,111.94
0,2,50,0,0,0,46.0,80.13
0,10,40,0,0,0,54.0,306.39
0,6,41,0,0,0,27.0,376.13
0,6,54,1,1,1,32.0,351.05
0,7,52,1,0,0,59.0,376.82
0,11,61,0,0,0,26.0,316.34
0,0,57,1,0,0,22.0,344.14
0,6,39,0,1,0,56.0,158.71
0,8,44,0,0,1,52.0,447.2
0,8,52,1,0,0,43.0,123.27
0,8,18,1,0,0,37.0,135.8
0,3,52,0,0,0,33.0,165.57
0,5,54,0,1,0,41.0,440.13
0,5,64,1,1,0,57.0,445.32
0,9,31,1,0,0,41.0,367.96
0,4,20,1,0,1,64.0,301.62
1,4,18,0,1,1,27.0,258.03
0,12,22,1,0,1,38.0,438.25
1,0,43,0,1,1,34.0,328.25
0,17,31,1,1,1,25.0,427.89
0,8,56,0,0,1,36.0,176.62
0,9,44,1,1,1,43.0,183.51
0,5,26,0,0,1,44.0,391.89
0,0,32,1,1,1,64.0,109.94
0,8,32,0,0,1,44.0,428.37
0,10,43,1,0,0,52.0,252.99
0,8,59,0,0,0,39.0,420.57
1,3,30,0,1,1,58.0,184.72
0,9,49,1,0,0,67.0,336.38
0,9,56,0,0,0,44.0,243.15
0,8,49,0,0,1,26.0,300.72
0,9,21,1,0,0,31.0,251.75
0,10,47,1,0,0,41.0,436.85
0,7,54,1,0,0,43.0,326.84
1,2,40,0,0,1,46.0,150.53
0,6,56,0,0,0,44.0,413.87
1,2,62,1,0,1,38.0,167.61
0,6,32,1,0,0,30.0,198.64
0,6,60,0,0,0,43.0,90.85
1,2,46,0,1,1,60.0,409.99
0,5,53,0,0,0,50.0,164.44
1,3,30,0,1,1,44.0,153.57
0,9,49,0,1,0,50.0,418.11
0,11,24,1,0,0,34.0,372.21
1,2,39,0,1,1,32.0,106.43
0,12,45,1,1,0,29.0,357.73
1,6,19,1,0,1,36.0,415.21
1,5,59,1,0,1,33.0,81.4
0,2,62,0,1,0,52.0,380.09
1,6,23,0,0,1,32.0,268.97
0,9,45,1,1,0,28.0,317.68
1,8,45,1,0,1,61.0,247.14
0,2,61,1,1,1,33.0,329.12
0,2,61,0,0,0,40.0,63.64
0,6,37,1,0,1,43.0,355.08
0,5,47,0,0,0,24.0,63.34
0,4,28,1,0,0,53.0,232.12
0,5,45,1,1,0,46.0,110.39
0,9,42,1,0,0,57.0,379.43
1,11,56,1,1,0,30.0,175.46
0,6,50,0,0,1,39.0,231.64
0,11,18,1,0,0,38.0,221.5
0,5,44,1,0,1,41.0,359.0
1,6,30,1,0,0,21.0,242.46
0,4,58,1,0,0,39.0,365.58
1,7,20,1,0,0,21.0,79.4
1,13,56,1,1,0,42.0,126.64
0,7,23,0,1,0,12.0,270.61
0,5,25,0,0,0,16.0,428.84
0,7,44,1,0,0,48.0,79.9
0,3,26,1,0,1,31.0,67.23
0,10,54,0,0,1,26.0,112.62
0,6,50,1,0,1,53.0,306.46
0,6,59,1,0,0,42.0,209.6
0,7,61,1,1,1,48.0,380.22
0,7,41,1,1,1,36.0,78.77
0,2,32,0,0,1,70.0,128.57
0,8,49,1,0,0,31.0,170.01
0,4,49,0,0,0,59.0,300.69
1,8,41,1,1,1,37.0,324.07
1,9,58,1,0,1,18.0,99.68
1,9,29,0,0,1,44.0,427.52
1,7,56,1,1,1,42.0,186.42
0,6,19,0,0,1,25.0,335.27
1,3,20,1,0,0,27.0,259.68
0,9,54,0,0,0,38.0,139.1
1,4,34,1,0,1,42.0,388.49
0,6,19,0,0,1,8.0,377.3
0,5,19,1,0,1,51.0,208.43
0,3,45,0,0,1,32.0,285.44
0,7,40,1,0,1,22.0,153.13
1,2,54,0,1,1,49.0,325.94
0,8,49,1,0,1,38.0,173.61
0,5,50,0,0,0,53.0,387.63
1,0,18,1,1,0,43.0,136.95
0,6,36,1,1,0,38.0,55.92
1,1,19,1,1,1,36.0,157.4
0,4,61,1,0,0,44.0,126.42
0,8,43,1,0,0,33.0,253.31
0,2,49,0,1,1,28.0,131.48
0,10,23,0,1,1,45.0,355.28
1,0,49,1,0,0,36.0,146.55
1,4,21,0,1,1,38.0,332.79
0,8,28,0,0,1,51.0,281.39
0,5,34,1,1,0,37.0,444.5
0,3,55,0,1,0,38.0,449.96
0,5,41,0,1,1,31.0,397.81
1,4,22,0,1,0,43.0,353.99
0,10,51,1,1,0,42.0,204.58
0,5,23,0,0,1,49.0,351.31
1,9,39,1,0,0,31.0,432.67
0,10,28,1,0,1,33.0,59.35
0,6,33,1,0,1,48.0,265.17
0,11,50,0,1,0,41.0,137.2
1,5,26,0,0,1,27.0,273.15
0,12,23,0,0,1,54.0,236.58
1,2,33,1,0,1,18.0,280.31
0,8,46,1,1,0,47.0,270.38
0,6,20,1,0,0,23.0,434.04
0,5,37,1,0,1,61.0,270.87
0,7,53,1,0,0,19.0,388.49
0,8,36,0,1,1,52.0,177.93
0,0,43,0,0,0,37.0,225.24
0,3,20,1,1,1,34.0,238.17
0,8,36,1,0,0,40.0,161.49
0,8,37,1,0,0,46.0,201.92
0,12,49,1,1,0,27.0,289.41
0,9,24,0,0,1,28.0,282.08
0,12,58,0,0,0,46.0,304.57
1,8,50,0,0,1,18.0,190.73
1,5,57,1,0,0,31.0,176.33
0,3,56,1,0,1,74.0,294.65
0,9,35,1,0,1,26.0,103.14
0,7,57,0,0,1,52.0,151.21
1,1,18,0,0,1,31.0,66.85
0,5,28,1,1,0,44.0,79.04
0,12,45,0,1,0,46.0,147.35
0,6,42,1,0,0,52.0,57.81
0,6,40,0,0,0,36.0,148.16
0,6,48,0,0,0,62.0,311.99
0,4,47,0,0,1,31.0,74.44
0,5,59,0,0,1,41.0,224.69
0,5,52,1,0,1,41.0,415.24
1,2,24,1,0,1,25.0,366.51
0,9,33,1,0,1,35.0,172.18
1,6,43,1,0,1,40.0,419.92
0,9,19,0,1,1,33.0,181.86
0,10,18,0,0,1,67.0,79.01
0,4,29,1,1,0,28.0,447.62
0,8,22,0,1,1,52.0,398.01
0,6,54,1,0,0,48.0,236.37
0,10,49,1,0,0,38.0,316.55
0,4,26,1,0,0,28.0,318.49
0,8,58,1,0,1,29.0,127.79
1,7,52,1,0,1,32.0,130.02
0,5,36,1,1,1,17.0,237.83
1,3,33,1,0,1,26.0,414.63
1,8,20,0,0,1,20.0,54.0
0,8,37,1,1,0,54.0,363.0
0,5,41,1,1,0,45.0,73.01
0,7,50,1,0,0,47.0,241.29
0,5,41,0,1,1,45.0,305.15
0,8,28,1,0,1,40.0,324.7
0,4,25,0,0,0,56.0,73.39
0,10,53,0,0,1,31.0,217.44
0,5,55,0,0,0,39.0,283.53
1,5,57,0,1,0,47.0,76.42
1,2,37,1,0,1,22.0,104.04
0,3,52,1,0,1,75.0,315.46
0,6,42,1,0,1,38.0,258.66
0,4,52,0,0,1,40.0,114.73
1,10,42,1,0,1,53.0,264.1
1,0,46,1,0,1,49.0,415.08
0,5,35,0,1,1,38.0,56.24
0,5,63,1,0,1,40.0,307.05
1,0,35,0,0,0,20.0,79.46
1,3,19,0,0,1,31.0,52.58
0,6,52,1,0,0,44.0,110.26
0,6,33,1,0,0,43.0,219.16
0,6,58,1,1,0,53.0,370.94
0,6,53,0,1,0,37.0,162.71
0,7,50,0,0,1,21.0,300.27
0,0,21,0,0,1,51.0,214.46
0,6,50,0,1,0,55.0,143.73
0,12,31,0,0,0,49.0,255.7
1,6,38,1,0,0,36.0,368.99
0,8,37,1,0,0,51.0,383.0
0,5,25,0,1,1,79.0,388.61
0,9,24,1,0,1,39.0,185.42
1,9,20,1,1,1,22.0,367.38
1,6,34,0,1,1,31.0,134.87
0,13,50,1,0,1,46.0,345.37
0,3,29,0,1,0,19.0,429.35
1,0,39,0,1,0,40.0,55.5
0,9,39,1,0,1,43.0,226.15
0,9,63,0,0,0,56.0,309.11
0,3,47,1,0,0,54.0,330.71
0,4,55,1,0,0,48.0,120.44
1,0,55,1,0,1,12.0,438.87
0,5,62,1,0,0,49.0,296.11
0,9,25,1,0,0,46.0,115.74
1,6,44,1,1,1,41.0,58.21
0,5,44,1,0,1,17.0,363.31
0,5,51,1,0,0,29.0,81.88
1,0,38,0,0,1,24.0,106.42
0,5,47,0,0,1,14.0,279.93
0,7,50,1,0,1,38.0,291.4
0,13,45,1,0,0,28.0,324.75
0,10,64,1,0,0,70.0,207.41
1,1,50,1,1,1,36.0,359.56
0,10,22,0,1,1,54.0,439.74
0,9,36,0,0,0,19.0,158.44
0,9,21,1,1,0,32.0,331.21
0,6,52,1,1,0,39.0,421.39
0,5,34,1,0,1,27.0,324.51
0,5,61,0,1,1,33.0,322.44
1,2,45,1,1,1,35.0,139.51
0,4,47,0,0,0,35.0,264.05
1,4,46,0,0,1,60.0,275.01
0,6,63,1,0,1,43.0,330.05
0,8,23,0,0,1,44.0,448.73
0,6,52,0,1,1,44.0,63.46
0,2,58,0,0,0,45.0,76.09
1,12,54,1,1,1,37.0,81.18
0,11,41,1,1,0,34.0,347.19
0,9,46,0,0,0,40.0,104.54
0,16,63,0,1,1,52.0,298.98
0,6,48,0,0,0,52.0,179.87
0,12,52,0,0,0,35.0,232.93
0,2,50,0,0,0,47.0,136.27
0,5,38,0,0,1,36.0,396.44
1,4,49,1,0,1,38.0,284.46
1,4,40,0,1,1,32.0,427.83
0,3,50,0,1,0,36.0,279.84
0,7,20,0,0,0,54.0,99.56
0,9,35,0,1,0,39.0,118.35
0,7,42,1,1,1,40.0,445.63
0,3,59,0,0,1,21.0,340.23
0,9,48,0,0,0,34.0,69.71
0,7,20,1,1,1,35.0,331.51
0,5,57,1,0,0,28.0,214.87
0,8,63,1,0,1,38.0,172.88
0,4,41,1,0,1,33.0,111.62
1,5,49,1,1,1,39.0,385.96
0,11,64,1,0,1,39.0,75.54
0,5,39,0,0,1,27.0,165.93
0,6,40,0,0,1,33.0,172.55
0,10,19,0,1,1,39.0,114.36
0,8,44,0,0,1,52.0,253.27
1,2,59,1,0,1,41.0,54.68
0,3,19,1,1,0,30.0,170.39
1,0,43,0,0,1,43.0,423.45
0,7,34,1,1,0,58.0,174.21
0,6,57,0,1,0,49.0,194.18
0,3,50,0,1,0,45.0,239.27
0,12,26,1,0,0,47.0,274.68
0,6,60,0,0,1,55.0,373.48
0,4,56,1,1,0,51.0,126.13
0,6,46,1,1,0,45.0,398.7
0,8,59,0,0,0,51.0,353.02
0,2,43,1,1,1,25.0,339.06
0,4,52,0,0,1,20.0,84.72
0,9,42,1,0,1,40.0,58.66
1,6,41,0,0,0,39.0,287.61
1,6,30,0,1,0,31.0,395.25
0,6,24,0,0,1,48.0,283.78
1,1,53,1,0,0,16.0,135.29
0,3,62,1,1,0,32.0,86.21
0,6,37,0,0,1,32.0,329.84
1,4,18,1,0,0,18.0,338.71
0,1,25,0,0,0,56.0,119.01
0,10,63,0,0,1,22.0,61.28
0,14,33,0,1,0,31.0,213.31
0,9,31,0,1,1,49.0,283.09
0,10,29,1,0,0,46.0,332.4
0,4,40,0,1,0,25.0,373.98
0,12,32,0,0,0,46.0,294.21
0,4,45,1,0,1,41.0,94.35
0,12,51,0,0,1,66.0,323.03
0,16,19,1,0,1,43.0,443.67
0,8,49,1,0,0,36.0,412.23
0,14,40,1,0,1,28.0,398.67
0,7,39,0,0,0,29.0,170.87
0,4,42,1,0,1,28.0,350.32
0,6,39,0,0,1,54.0,390.44
0,7,39,0,0,1,38.0,321.33
1,2,59,1,1,0,45.0,150.22
0,7,23,1,1,0,56.0,431.53
0,14,32,0,0,1,10.0,230.33
1,4,60,1,1,1,53.0,101.92
1,9,54,0,1,1,39.0,93.91
0,11,50,1,0,1,43.0,309.01
0,11,25,1,0,0,28.0,225.08
0,12,61,0,1,0,29.0,87.79
0,6,61,1,0,0,44.0,346.15
0,13,22,1,1,0,67.0,369.73
0,9,56,1,1,0,50.0,340.17
0,3,21,1,0,0,53.0,130.9
0,6,23,0,1,0,36.0,325.91
0,8,62,0,0,1,31.0,54.29
1,4,49,1,0,1,29.0,172.04
1,7,47,0,1,1,32.0,209.53
0,8,64,0,0,1,13.0,384.1
0,3,52,1,1,0,29.0,206.16
0,7,57,1,1,1,31.0,54.51
1,9,33,0,1,1,36.0,190.94
0,6,30,0,0,1,40.0,249.57
0,0,59,0,0,1,42.0,429.6
0,0,47,0,0,0,38.0,426.41
0,5,36,1,0,0,31.0,122.35
0,11,34,0,0,0,14.0,124.06
0,4,36,1,1,1,31.0,115.35
0,7,45,0,1,0,26.0,365.57
0,4,43,1,0,1,44.0,52.41
0,5,54,1,0,0,49.0,100.87
0,10,43,1,1,1,49.0,265.18
0,8,40,0,0,1,47.0,149.02
0,2,26,1,0,1,36.0,86.94
1,6,29,1,1,1,32.0,193.95
1,1,18,1,1,0,29.0,159.68
0,6,18,1,0,1,20.0,254.44
1,8,64,0,1,1,50.0,441.69
0,3,51,0,0,1,36.0,99.72
0,5,49,1,1,0,23.0,199.09
0,5,42,1,0,1,28.0,422.79
0,11,57,0,0,0,28.0,400.75
0,16,62,1,1,0,39.0,207.71
1,1,18,1,0,1,51.0,329.58
0,9,33,1,1,1,34.0,85.14
0,5,56,1,1,1,11.0,335.02
0,5,22,1,1,0,36.0,439.14
1,9,39,0,1,1,36.0,265.0
0,11,46,0,0,1,35.0,249.4
0,12,20,0,1,0,30.0,124.93
0,7,29,1,0,0,41.0,303.52
0,5,43,1,0,1,39.0,286.17
0,9,33,1,1,0,38.0,310.77
0,4,54,0,0,1,43.0,60.43
0,7,39,0,0,1,33.0,269.49
0,5,46,0,0,1,32.0,287.97
0,8,31,1,1,0,55.0,133.01
0,4,45,0,1,1,45.0,133.33
0,4,22,1,0,0,48.0,160.49
0,11,64,0,0,0,53.0,334.69
1,3,47,0,1,1,44.0,292.51
0,6,63,0,0,0,49.0,388.31
1,4,22,0,0,1,19.0,168.26
0,1,29,1,0,0,40.0,414.83
0,1,33,0,0,0,36.0,347.48
0,3,43,0,0,1,58.0,208.0
0,10,43,1,1,1,49.0,88.1
0,5,38,1,0,1,30.0,152.79
0,12,56,1,1,1,42.0,432.71
0,7,53,1,1,1,40.0,174.15
1,6,50,1,1,1,43.0,181.96
0,7,47,0,0,0,26.0,125.84
0,6,54,1,0,1,42.0,372.74
0,9,40,1,0,0,35.0,160.26
1,5,27,1,1,0,41.0,182.1
1,5,22,0,0,1,29.0,215.74
0,10,53,0,0,0,31.0,223.49
0,11,51,1,0,1,52.0,214.54
0,10,48,0,0,1,25.0,251.5
1,6,27,0,0,0,26.0,375.81
1,9,36,1,0,1,37.0,377.71
1,6,49,1,0,0,29.0,369.33
0,6,18,0,0,0,27.0,90.45
0,4,22,0,0,0,39.0,369.87
0,7,62,0,1,0,20.0,98.1
0,4,21,0,0,0,26.0,99.89
0,5,33,0,0,1,63.0,429.15
0,10,41,0,0,1,44.0,377.76
0,4,33,1,0,0,29.0,270.96
1,2,19,1,1,1,43.0,399.99
0,2,45,1,0,1,45.0,445.75
0,11,49,0,1,1,50.0,294.26
1,6,44,0,1,0,36.0,295.16
1,6,37,0,1,1,50.0,351.77
0,9,41,1,0,0,14.0,142.86
0,10,29,0,0,1,25.0,116.85
0,5,52,1,1,1,40.0,353.83
0,8,50,1,0,1,42.0,187.96
0,9,50,0,1,1,27.0,104.03
0,8,60,0,1,0,41.0,175.95
0,3,54,0,1,1,31.0,193.45
0,10,29,1,0,1,35.0,436.09
0,6,20,1,1,0,50.0,329.18
1,5,18,1,1,1,49.0,262.34
0,6,50,1,1,1,26.0,437.55
0,1,57,0,0,1,25.0,411.26
1,3,27,0,0,0,33.0,254.8
0,9,60,0,0,0,38.0,412.27
0,0,61,1,0,1,30.0,211.72
0,6,46,0,0,1,50.0,142.17
1,6,30,1,1,1,42.0,143.07
1,2,29,0,0,1,43.0,314.93
0,13,48,1,1,0,23.0,250.43
0,4,63,1,0,0,52.0,313.58
0,5,19,0,0,1,5.0,324.43
0,5,52,0,0,0,48.0,58.93
0,4,40,1,0,1,49.0,71.62
0,0,34,1,1,1,33.0,263.07
0,8,43,0,0,1,53.0,126.41
0,12,25,1,0,1,37.0,303.01
1,4,46,1,0,0,39.0,270.87
0,8,43,1,1,1,42.0,284.3
0,8,27,1,0,1,76.0,170.98
0,10,43,0,0,0,54.0,305.94
0,6,51,0,0,0,46.0,381.8
0,5,58,1,0,0,27.0,449.23
0,5,24,0,0,0,40.0,385.38
1,8,21,1,1,1,28.0,273.0
0,9,62,1,0,0,48.0,127.37
1,4,28,1,0,0,40.0,322.58
0,5,46,1,0,0,25.0,425.06
0,11,53,1,0,0,39.0,134.75
0,9,42,0,0,1,28.0,152.4
0,14,38,0,1,0,40.0,109.6
1,9,53,1,1,1,28.0,344.69
1,5,27,0,1,1,38.0,212.62
0,7,54,0,1,1,47.0,75.08
0,8,26,0,0,0,37.0,399.98
0,2,41,0,0,1,33.0,273.07
0,6,52,0,0,0,40.0,182.44
0,8,52,0,0,1,46.0,187.59
0,3,53,0,0,0,25.0,166.1
0,9,35,0,0,1,41.0,232.19
0,7,56,1,1,0,54.0,184.82
0,12,49,1,1,0,45.0,269.18
0,1,41,0,1,1,39.0,359.41
0,4,40,1,1,1,46.0,319.78
1,7,49,1,0,0,43.0,167.78
0,5,54,0,0,0,47.0,261.5
1,8,29,1,1,0,14.0,386.05
0,9,30,0,0,1,19.0,77.28
0,3,40,0,0,0,50.0,81.32
0,6,42,0,0,1,20.0,272.47
0,6,52,1,0,0,43.0,305.65
1,5,58,1,0,0,34.0,134.57
0,11,47,0,0,1,26.0,348.09
0,9,34,0,0,0,42.0,308.51
0,8,37,0,1,0,40.0,419.32
0,8,42,1,0,0,63.0,117.58
0,6,39,1,0,1,31.0,350.55
0,11,30,0,0,1,55.0,83.46
0,8,36,1,0,0,42.0,276.12
1,8,53,0,1,1,30.0,270.76
0,10,29,1,1,1,48.0,205.35
0,4,58,1,1,0,45.0,387.83
0,9,36,1,0,1,38.0,51.75
1,4,29,1,0,0,41.0,258.07
0,5,26,0,0,1,31.0,136.86
1,5,24,0,0,1,28.0,347.4
0,13,45,1,0,0,47.0,67.23
0,10,31,0,0,0,35.0,382.62
0,8,48,1,0,0,37.0,385.24
0,8,36,0,1,0,41.0,383.15
0,7,64,1,0,0,41.0,111.03
0,11,33,0,1,1,21.0,302.16
0,6,22,0,0,1,53.0,55.75
0,5,52,0,0,1,39.0,389.19
0,3,29,0,1,0,36.0,339.19
1,9,42,0,1,1,43.0,262.46
0,8,38,0,0,1,41.0,342.24
0,5,53,0,0,1,47.0,87.73
0,1,40,0,0,1,44.0,261.46
0,10,33,0,0,1,47.0,166.51
1,0,56,1,1,0,54.0,439.05
1,8,62,0,1,1,49.0,392.85
0,13,59,1,0,0,36.0,343.31
0,6,56,0,0,0,25.0,423.5
0,4,31,1,0,1,58.0,188.74
0,8,48,0,0,0,35.0,410.35
0,9,22,1,1,1,32.0,180.1
0,6,52,1,1,0,17.0,343.12
0,12,40,1,0,0,42.0,344.57
0,2,46,0,0,0,40.0,57.34
0,6,60,1,0,0,20.0,194.42
0,8,28,1,0,1,43.0,57.77
1,10,35,0,1,1,32.0,448.84
0,3,64,0,0,0,70.0,98.88
0,9,29,1,0,1,31.0,267.12
1,7,26,1,0,1,33.0,366.22
1,5,27,1,1,1,28.0,130.51
0,3,61,0,0,0,53.0,244.02
1,10,34,1,1,1,34.0,292.97
0,3,55,1,1,0,29.0,114.08
0,5,24,1,1,1,46.0,361.42
0,5,63,1,0,1,21.0,169.73
0,10,30,0,0,0,46.0,134.41
0,8,57,1,0,1,59.0,273.32
0,9,59,1,0,0,45.0,214.13
0,4,26,1,0,1,46.0,418.11
0,7,44,1,0,1,48.0,402.03
0,7,19,1,0,1,59.0,243.34
0,10,22,0,1,0,53.0,193.71
0,11,46,0,0,0,43.0,180.21
1,0,54,0,1,0,49.0,157.03
1,8,55,0,1,1,27.0,267.82
1,2,36,0,1,0,47.0,371.99
1,6,25,1,1,1,26.0,174.3
0,5,62,0,1,0,34.0,126.04
1,5,18,0,1,0,5.0,240.19
0,5,39,0,0,0,43.0,77.61
0,7,34,1,0,1,30.0,330.51
1,5,24,1,0,0,51.0,257.34
0,8,42,0,0,1,43.0,248.55
1,6,62,0,0,0,51.0,170.18
1,2,21,0,0,1,25.0,411.87
1,9,53,1,0,1,50.0,86.19
0,5,23,1,0,1,63.0,397.93
1,6,48,1,0,1,47.0,200.68
0,8,36,0,1,1,47.0,402.25
1,5,61,1,0,0,40.0,341.5
0,2,56,1,1,0,32.0,91.67
0,5,44,0,0,0,47.0,382.61
0,11,27,1,1,0,20.0,322.87
0,7,43,0,1,1,33.0,62.92
0,8,36,1,1,0,17.0,103.48
1,7,56,0,1,1,30.0,304.25
0,4,20,0,0,0,46.0,315.04
0,6,62,0,1,1,44.0,348.66
0,9,30,0,1,1,39.0,338.1
0,3,45,1,1,1,40.0,313.81
1,4,37,1,1,1,15.0,356.5
1,4,45,1,0,1,34.0,280.03
1,6,25,0,1,1,30.0,154.32
0,14,58,0,0,0,30.0,414.95
0,2,56,1,0,0,45.0,57.29
0,6,18,0,0,1,28.0,196.62
1,3,20,1,1,1,31.0,341.55
0,13,30,0,0,0,13.0,220.86
0,3,45,0,0,1,34.0,59.93
0,6,42,1,0,0,25.0,76.39
1,8,50,1,1,1,39.0,309.45
0,8,55,1,0,0,27.0,435.95
1,6,23,0,0,0,39.0,270.75
0,5,61,1,0,0,36.0,252.7
0,5,62,1,1,0,58.0,177.33
1,4,49,1,1,1,44.0,152.68
1,4,62,1,1,1,16.0,58.39
0,6,64,0,0,0,23.0,159.18
0,4,38,0,1,0,39.0,229.64
0,5,33,1,0,1,27.0,129.18
0,8,38,0,0,0,5.0,84.94
0,12,28,0,0,1,54.0,337.09
0,7,54,1,0,1,47.0,407.85
1,2,53,1,1,0,44.0,424.71
1,2,52,0,0,1,31.0,297.2
0,12,36,0,0,1,43.0,71.11
1,5,37,1,0,1,30.0,346.35
1,2,35,1,0,1,40.0,94.04
0,7,64,1,0,0,27.0,317.9
0,7,58,0,0,0,56.0,361.75
1,7,31,1,0,1,19.0,340.35
0,4,32,1,1,1,53.0,430.75
1,0,48,0,1,1,38.0,345.26
0,12,18,0,1,1,32.0,327.28
0,4,20,1,0,0,40.0,154.7
1,8,33,1,1,0,47.0,419.91
0,8,40,0,1,1,54.0,121.82
1,7,28,1,1,1,42.0,411.96
0,5,29,1,0,0,27.0,175.07
0,4,27,0,0,0,39.0,102.07
0,7,49,1,1,0,60.0,380.67
1,10,33,0,0,0,54.0,51.0
0,11,25,0,0,1,49.0,382.84
0,3,55,1,0,1,48.0,154.92
0,3,29,1,0,0,46.0,403.89
0,11,41,0,1,0,52.0,326.59
0,8,45,0,0,1,33.0,316.47
0,10,25,0,0,1,22.0,196.13
1,4,45,0,1,1,39.0,73.76
0,7,53,1,0,0,28.0,382.03
0,8,43,0,0,1,25.0,118.36
0,8,25,1,0,1,29.0,198.9
0,6,45,1,1,0,68.0,290.14
1,0,45,1,0,1,40.0,242.9
1,7,54,1,1,1,42.0,129.46
0,4,58,0,0,1,23.0,106.25
1,6,53,1,0,1,16.0,99.3
0,12,44,1,0,1,28.0,395.2
0,5,34,1,0,0,55.0,62.62
0,10,26,0,1,0,42.0,440.81
1,4,50,0,1,1,45.0,129.41
0,8,37,1,0,1,47.0,94.13
0,13,30,1,0,0,31.0,280.79
0,3,45,1,1,1,55.0,81.99
0,0,46,0,0,1,30.0,290.98
0,6,30,0,0,0,55.0,390.25
0,2,63,0,1,1,43.0,69.16
0,8,52,0,0,1,17.0,369.95
0,11,23,1,1,1,29.0,207.79
1,6,35,0,0,1,17.0,113.8
1,4,22,0,1,1,52.0,120.44
1,6,64,1,0,1,38.0,417.51
1,8,42,1,0,1,11.0,94.24
0,0,19,0,0,0,43.0,396.71
0,7,27,0,0,1,32.0,267.7
0,7,47,1,0,1,20.0,65.62
0,7,62,0,0,0,58.0,235.79
1,4,22,0,0,0,39.0,376.98
1,8,50,1,1,1,34.0,340.48
0,2,18,1,0,1,33.0,245.51
1,4,35,1,0,1,20.0,394.02
0,10,49,0,0,0,22.0,98.15
0,8,64,1,0,1,53.0,413.98
1,0,28,1,0,1,32.0,388.58
0,4,38,1,0,1,38.0,333.31
1,4,43,0,1,1,13.0,377.16
0,4,42,1,0,1,22.0,267.53
0,4,39,1,0,1,45.0,320.06
0,2,44,1,1,0,43.0,274.24
0,6,30,0,1,0,59.0,192.17
0,8,50,0,0,1,54.0,277.54
0,7,51,1,1,1,35.0,152.99
1,8,58,0,0,1,44.0,226.11
1,2,52,0,1,1,34.0,162.31
0,12,18,0,0,0,63.0,99.16
0,10,38,0,1,0,52.0,178.74
0,9,23,1,1,1,40.0,390.79
0,9,45,1,0,1,40.0,202.43
0,11,34,0,0,1,55.0,349.2
0,6,22,0,0,0,45.0,120.08
0,4,48,0,0,0,57.0,219.77
0,7,22,1,0,0,12.0,95.94
0,8,55,0,0,0,44.0,105.45
0,8,20,0,1,1,32.0,296.97
0,6,40,1,0,0,59.0,292.99
1,2,54,1,0,0,57.0,135.35
1,5,54,0,0,1,38.0,239.77
0,11,27,0,0,1,56.0,395.32
0,7,27,1,1,0,59.0,119.68
0,6,36,0,0,0,39.0,57.68
1,4,34,1,0,0,68.0,310.8
0,5,38,1,1,0,38.0,71.4
0,10,31,0,1,0,35.0,441.98
0,8,26,0,0,0,48.0,293.85
1,9,63,0,1,1,34.0,238.16
0,6,18,0,0,0,39.0,222.0
0,7,62,1,1,1,55.0,279.23
0,4,30,0,0,1,38.0,86.25
1,8,21,1,0,1,18.0,422.01
1,6,18,1,0,0,42.0,300.26
0,6,57,1,1,0,30.0,123.59
0,7,49,1,0,0,48.0,275.03
0,11,51,1,0,1,46.0,103.3
1,2,45,1,0,1,56.0,57.02
1,9,48,1,1,1,49.0,302.21
0,5,25,1,1,1,51.0,309.39
0,6,56,0,0,0,30.0,283.48
0,1,43,1,0,1,48.0,123.39
0,5,51,1,0,0,62.0,291.37
1,6,20,0,0,0,30.0,72.6
0,2,29,0,1,1,60.0,293.7
0,6,18,0,0,0,31.0,271.61
0,11,61,1,0,1,28.0,312.1
0,3,22,0,0,1,42.0,408.19
0,9,47,1,0,0,47.0,390.14
0,6,47,1,0,0,49.0,442.26
0,8,34,1,0,1,26.0,440.5
1,4,64,0,0,1,43.0,358.93
0,3,40,1,0,1,30.0,432.57
0,3,32,1,0,1,20.0,396.91
0,2,54,1,0,0,27.0,341.03
0,4,38,0,0,0,29.0,80.15
0,8,31,0,1,1,44.0,69.62
1,10,19,1,0,0,52.0,385.04
0,9,28,0,0,1,20.0,245.86
0,8,56,0,1,1,42.0,375.84
1,3,55,0,1,0,24.0,175.17
0,5,51,1,0,0,46.0,209.06
0,5,55,0,0,0,31.0,330.07
0,4,51,1,0,1,25.0,416.13
0,6,35,0,1,0,48.0,85.1
0,6,47,1,0,1,31.0,394.59
0,5,32,1,1,0,34.0,367.21
1,5,44,1,1,0,11.0,176.22
0,9,51,0,0,1,49.0,192.09
0,9,55,1,0,0,48.0,68.58
0,5,50,0,0,1,38.0,56.3
0,11,41,1,0,1,20.0,240.8
0,12,32,0,0,0,53.0,88.22
1,5,47,0,1,1,30.0,127.6
1,5,59,0,0,0,33.0,388.71
1,6,34,0,1,1,66.0,278.41
0,11,22,0,1,0,30.0,303.45
1,10,46,1,1,1,47.0,124.99
1,3,21,0,0,1,45.0,381.46
0,5,27,1,0,1,43.0,397.19
0,7,34,0,0,0,41.0,259.33
0,6,27,0,0,0,43.0,415.02
0,4,34,1,0,0,41.0,387.93
1,10,37,1,0,1,37.0,342.53
0,8,41,1,0,1,56.0,343.63
0,10,22,0,0,1,22.0,92.16
0,10,51,0,1,0,50.0,158.33
0,8,23,0,0,1,48.0,76.74
0,6,19,0,0,0,46.0,53.47
1,7,30,0,0,0,51.0,113.32
0,3,60,1,1,1,37.0,402.19
1,8,60,1,0,1,16.0,145.95
0,3,28,0,0,0,37.0,438.06
0,8,64,0,0,1,26.0,288.92
0,4,40,0,1,1,29.0,144.9
0,3,33,1,1,1,23.0,248.85
0,3,48,1,0,0,32.0,137.64
0,0,28,1,0,0,31.0,443.59
0,8,33,1,0,1,9.0,388.91
1,8,25,1,0,1,46.0,60.5
0,6,21,0,1,1,65.0,429.11
0,3,57,1,1,0,45.0,338.43
1,2,21,0,1,1,36.0,82.95
0,0,42,1,0,1,37.0,318.26
1,3,20,0,0,0,33.0,308.77
1,10,49,1,0,0,39.0,137.52
0,4,20,1,1,0,38.0,353.38
1,5,44,1,1,0,28.0,84.83
0,3,46,0,0,1,58.0,245.78
0,4,49,0,0,1,20.0,53.97
1,6,36,1,0,1,47.0,437.49
0,7,38,1,0,1,37.0,350.63
0,4,22,0,1,0,61.0,113.54
0,2,35,1,0,0,42.0,186.67
0,5,45,1,1,0,34.0,114.22
0,4,59,0,0,1,35.0,356.65
0,4,39,0,1,0,38.0,73.56
0,12,38,1,0,0,24.0,386.16
0,7,23,1,1,1,29.0,426.88
0,7,18,0,0,0,17.0,320.65
1,6,22,1,0,1,27.0,135.19
0,6,58,1,0,1,39.0,194.04
0,6,29,0,0,0,42.0,240.9
0,8,43,0,0,0,14.0,291.85
0,8,63,1,0,1,36.0,317.47
0,3,51,0,1,1,45.0,271.69
0,6,31,0,0,0,36.0,190.53
1,6,43,1,1,0,30.0,406.37
1,10,62,0,1,0,33.0,82.56
1,7,44,1,0,1,32.0,236.5
1,6,26,1,1,1,30.0,360.23
1,3,43,0,0,1,40.0,74.35
0,7,64,1,0,1,66.0,332.13
0,3,39,1,0,1,29.0,377.88
1,5,64,1,1,1,34.0,314.33
0,3,47,1,0,0,37.0,55.17
0,8,60,0,0,1,30.0,122.05
0,4,34,0,0,0,51.0,186.85
0,5,43,0,1,1,10.0,143.48
0,10,53,1,0,1,32.0,435.06
1,4,18,1,1,1,48.0,310.64
0,6,25,1,1,1,34.0,168.79
1,6,52,1,1,1,28.0,421.88
1,0,32,1,1,0,43.0,346.24
0,9,64,0,1,0,49.0,163.84
0,2,39,0,0,1,41.0,201.55
0,6,31,0,0,1,28.0,129.77
0,7,43,1,0,0,43.0,438.43
0,7,45,0,0,0,33.0,256.92
0,8,40,1,0,1,47.0,408.42
0,4,31,1,0,0,56.0,188.6
1,0,41,0,0,0,7.0,394.34
0,8,19,0,1,0,39.0,71.55
0,6,62,1,0,0,17.0,442.84
0,10,43,1,1,0,67.0,414.81
0,9,31,1,0,0,32.0,195.28
0,10,24,0,0,1,47.0,359.89
0,6,20,1,1,0,38.0,350.9
0,5,64,0,0,0,28.0,410.5
0,9,40,1,0,0,27.0,172.9
0,6,63,1,0,0,57.0,236.21
0,4,60,1,0,1,49.0,396.0
0,10,64,1,1,1,61.0,361.43
0,10,62,1,1,1,39.0,207.39
0,6,35,0,0,1,41.0,388.29
0,2,55,0,0,1,35.0,68.78
0,5,52,0,0,0,35.0,362.82
0,9,32,0,0,1,25.0,132.71
0,11,42,0,0,0,39.0,164.45
0,4,54,0,0,0,29.0,247.29
0,2,45,0,0,1,43.0,229.89
0,10,27,1,0,1,40.0,258.23
1,5,56,1,0,0,41.0,267.91
1,6,34,1,1,0,58.0,182.61
0,12,56,1,0,0,38.0,120.09
1,2,39,1,1,0,47.0,357.39
0,7,43,0,1,0,63.0,209.99
1,2,61,1,0,0,54.0,252.34
0,5,42,1,0,0,52.0,307.88
0,9,34,0,1,0,34.0,413.86
1,6,30,1,1,0,41.0,333.02
0,17,37,1,1,1,22.0,68.18
0,7,42,1,0,0,44.0,385.42
1,5,21,1,1,1,41.0,445.74
0,4,27,1,0,0,38.0,238.99
0,5,20,0,1,1,50.0,437.84
1,5,58,0,1,1,24.0,268.93
0,2,62,1,0,1,58.0,233.85
1,5,35,1,1,1,49.0,182.56
0,6,64,1,0,1,37.0,313.02
0,8,53,0,1,0,36.0,141.93
0,8,64,1,0,1,44.0,91.97
0,8,39,1,1,1,56.0,60.89
1,0,51,0,0,1,39.0,166.95
0,4,64,1,1,0,40.0,208.31
0,8,25,1,0,1,38.0,270.83
0,6,57,1,0,1,59.0,167.1
0,0,61,0,0,1,34.0,443.62
0,9,36,0,1,0,38.0,166.7
0,9,59,0,0,1,56.0,226.39
0,6,58,1,0,1,40.0,91.31
0,2,54,0,0,1,52.0,154.25
1,9,23,0,1,0,27.0,69.33
1,7,43,0,0,1,36.0,273.8
0,9,51,1,0,0,56.0,350.43
0,9,62,0,0,1,30.0,128.28
0,9,23,1,0,1,36.0,197.16
1,6,54,1,0,1,41.0,56.65
1,3,50,0,0,1,26.0,385.81
1,8,39,1,1,1,33.0,361.99
0,7,38,0,1,1,39.0,75.3
0,8,23,1,0,1,39.0,195.95
0,3,23,0,0,0,53.0,432.11
0,4,21,0,1,0,56.0,206.81
0,10,47,0,0,1,28.0,260.48
0,8,28,1,1,0,39.0,192.1
0,11,47,1,0,0,46.0,288.45
0,9,48,0,0,0,56.0,441.26
0,7,41,1,0,1,47.0,449.0
0,8,26,0,1,0,41.0,359.89
0,10,20,0,0,1,46.0,211.72
0,7,48,1,0,1,46.0,247.77
0,7,57,1,0,1,27.0,192.69
1,3,54,1,1,1,40.0,444.23
0,6,53,0,1,1,56.0,333.1
0,8,41,1,0,1,36.0,229.57
0,4,48,1,0,0,40.0,54.85
0,4,23,1,1,1,35.0,258.19
0,5,19,0,0,0,10.0,443.57
1,4,37,1,0,1,38.0,259.22
0,4,45,1,0,1,42.0,122.97
0,6,28,0,1,0,32.0,58.84
0,11,21,0,0,0,24.0,191.88
1,6,32,0,1,1,27.0,417.29
0,4,23,1,0,1,47.0,448.62
0,2,47,1,0,0,62.0,428.15
0,8,55,0,1,1,55.0,341.77
0,5,19,1,0,0,22.0,273.26
0,9,32,0,0,0,48.0,286.27
1,8,28,0,0,1,30.0,265.6
0,9,25,1,1,1,31.0,332.82
1,4,43,0,1,1,32.0,217.55
0,8,62,0,1,1,46.0,317.68
0,4,61,1,1,0,50.0,98.64
0,11,22,0,0,0,37.0,156.28
0,7,23,1,0,0,37.0,384.4
0,5,43,1,1,0,44.0,411.5
0,4,21,1,0,1,45.0,265.6
0,4,36,0,0,0,52.0,62.65
0,8,37,0,0,1,23.0,420.79
0,4,50,1,0,0,38.0,330.83
0,7,37,1,1,1,25.0,215.61
0,4,29,0,0,0,37.0,289.35
0,8,64,1,0,0,35.0,221.91
1,9,18,0,1,1,37.0,236.14
0,9,43,1,0,1,28.0,404.72
1,9,31,1,0,1,20.0,114.43
0,4,55,1,0,1,13.0,91.47
0,2,54,0,1,0,36.0,51.09
1,8,28,1,1,0,33.0,175.6
0,5,53,0,1,1,30.0,108.97
1,6,30,1,1,1,54.0,137.99
1,1,60,1,0,0,28.0,54.5
1,4,20,1,1,1,55.0,140.88
1,1,50,0,1,1,57.0,183.08
1,10,23,0,0,0,15.0,62.63
0,4,27,1,0,0,39.0,293.16
1,7,22,1,1,1,33.0,277.52
1,1,40,1,1,1,5.0,88.81
0,8,27,1,1,0,21.0,288.0
0,5,61,1,1,0,47.0,449.46
0,10,19,0,0,0,62.0,427.79
0,10,30,0,1,1,49.0,51.07
0,5,57,1,0,0,42.0,368.15
0,11,19,1,0,0,38.0,191.44
0,17,37,0,1,0,58.0,75.46
0,9,18,0,0,0,64.0,168.39
0,10,54,1,1,1,31.0,178.69
0,4,26,1,0,0,14.0,259.3
0,7,34,1,0,1,13.0,314.43
0,2,26,1,0,1,54.0,349.62
0,2,28,1,0,0,37.0,148.36
0,18,32,1,0,0,40.0,178.71
0,5,41,0,0,0,17.0,173.35
0,8,55,1,1,1,29.0,195.09
1,9,52,1,0,1,34.0,449.86
0,10,47,1,0,0,40.0,361.18
0,17,48,0,0,1,33.0,440.0
1,4,22,0,0,0,26.0,327.24
1,1,61,1,0,1,29.0,212.51
0,6,31,1,1,0,52.0,205.9
0,3,28,0,1,1,41.0,245.43
0,1,26,1,0,0,45.0,216.75
0,5,51,1,0,0,27.0,381.33
1,9,29,1,1,1,5.0,236.0
1,7,52,1,1,0,32.0,168.25
0,5,52,1,1,0,28.0,359.94
0,8,18,0,0,0,42.0,391.77
0,4,57,0,0,0,77.0,218.17
0,0,39,1,0,1,46.0,317.12
0,9,46,0,0,1,71.0,73.52
0,7,25,1,0,1,45.0,261.79
0,9,28,1,0,1,30.0,67.99
1,1,58,0,0,1,42.0,61.68
0,10,54,0,1,0,59.0,295.17
1,7,31,1,1,1,60.0,171.33
0,7,47,1,0,1,31.0,347.01
0,7,52,0,1,1,41.0,408.43
0,10,38,0,0,0,21.0,105.76
0,7,54,0,1,0,48.0,339.81
0,7,22,1,0,1,57.0,255.81
0,16,36,1,0,0,38.0,94.85
0,9,31,1,1,1,30.0,310.64
0,6,43,1,0,0,42.0,293.79
0,8,21,0,1,0,43.0,256.26
1,5,42,1,0,1,39.0,420.59
0,4,62,1,0,0,40.0,258.43
0,7,59,0,0,0,36.0,446.21
1,11,42,1,0,1,50.0,253.69
0,11,35,1,0,0,47.0,96.34
1,5,57,0,1,1,26.0,238.19
0,6,25,0,1,1,26.0,122.93
1,4,56,0,1,1,35.0,288.85
0,17,57,1,1,1,47.0,327.25
0,14,31,0,0,1,40.0,237.37
0,7,49,0,1,0,30.0,89.08
0,9,55,1,0,1,41.0,237.46
1,8,50,1,1,1,34.0,82.58
0,7,40,0,0,0,49.0,322.85
1,2,32,1,1,0,42.0,366.15
0,6,50,0,1,0,34.0,434.95
0,8,42,1,1,0,41.0,109.52
0,8,34,1,1,0,54.0,262.97
1,5,50,1,1,0,31.0,277.01
0,11,64,0,1,0,43.0,418.99
0,3,19,1,0,0,37.0,300.91
0,6,31,0,0,1,43.0,108.2
0,8,57,0,0,1,30.0,224.54
0,8,57,0,0,0,39.0,311.91
0,7,56,0,0,1,51.0,330.11
1,4,23,0,0,1,27.0,395.23
1,3,23,1,0,0,22.0,122.2
0,7,20,0,1,0,23.0,430.62
1,7,24,0,1,1,24.0,73.66
0,3,25,1,0,0,45.0,443.5
1,8,59,1,0,0,21.0,393.11
0,6,32,0,0,0,34.0,314.11
0,8,64,1,0,0,45.0,344.0
0,10,46,0,1,0,43.0,79.08
0,3,50,1,0,0,33.0,66.59
1,0,47,1,0,1,40.0,90.71
0,9,56,0,1,0,39.0,84.94
0,7,44,1,1,0,35.0,268.95
0,8,53,1,0,0,35.0,136.18
0,10,46,0,1,0,65.0,394.08
0,9,55,1,0,1,48.0,228.3
0,12,50,0,0,0,68.0,328.2
0,6,54,0,0,1,32.0,311.15
0,6,44,0,0,1,37.0,177.94
1,6,50,1,0,1,22.0,147.27
1,3,21,1,0,1,28.0,186.98
0,7,39,0,1,0,61.0,368.66
1,4,19,0,1,1,32.0,284.51
0,11,27,0,0,1,61.0,151.42
0,7,22,0,0,0,23.0,377.14
1,7,27,1,1,1,25.0,71.9
0,5,50,1,0,1,34.0,329.67
1,2,55,1,1,1,37.0,225.64
0,1,30,1,0,1,49.0,342.52
1,6,48,1,0,1,43.0,420.98
0,2,64,0,0,1,33.0,350.01
0,7,53,1,0,0,36.0,226.79
1,10,62,1,0,1,34.0,110.39
1,10,41,1,0,1,27.0,372.54
1,8,32,0,0,0,27.0,234.28
0,4,46,0,0,1,50.0,80.12
1,10,25,0,0,0,16.0,337.62
0,10,22,0,0,1,57.0,166.74
0,4,46,1,0,1,34.0,69.56
0,8,64,0,0,0,29.0,411.1
0,5,21,1,0,1,47.0,243.24
0,9,29,1,0,1,56.0,162.38
0,17,62,0,1,0,51.0,336.55
0,1,19,0,0,1,44.0,404.36
0,10,44,1,1,0,51.0,50.12
0,7,48,1,0,0,17.0,325.14
0,13,53,0,0,1,32.0,356.8
0,6,53,1,0,0,27.0,133.97
0,10,43,1,1,1,53.0,245.85
0,2,60,1,0,0,33.0,85.71
0,5,44,1,0,0,48.0,348.7
0,2,22,0,0,0,44.0,388.98
0,13,37,1,0,1,28.0,93.27
0,9,28,1,0,0,31.0,376.58
0,10,27,1,1,1,54.0,358.63
0,11,57,0,0,1,29.0,188.77
1,2,55,1,0,0,39.0,326.12
0,5,23,1,0,1,29.0,50.02
0,2,25,1,1,0,34.0,422.72
1,4,40,0,1,1,37.0,270.15
0,4,64,0,0,0,29.0,298.14
1,6,43,0,1,1,26.0,315.86
1,4,63,0,1,1,41.0,274.55
0,3,60,0,0,1,28.0,392.71
0,3,29,0,0,0,28.0,293.88
1,3,43,1,1,1,27.0,413.1
0,13,30,1,0,0,37.0,282.93
0,9,57,0,0,1,49.0,118.45
0,12,35,1,1,1,56.0,415.43
1,6,42,1,0,1,29.0,322.65
0,4,50,0,1,1,64.0,329.7
0,9,64,1,1,0,26.0,444.19
0,5,57,0,1,0,51.0,80.08
0,5,60,0,0,1,29.0,221.44
0,4,29,1,0,0,28.0,145.64
0,3,61,0,0,0,29.0,302.17
1,4,53,1,0,1,37.0,372.72
1,5,21,1,0,1,45.0,436.52
0,8,22,0,0,0,46.0,231.84
0,2,54,0,0,1,27.0,364.49
1,4,25,0,0,1,26.0,416.82
0,9,59,1,0,1,27.0,323.33
0,3,45,0,1,0,37.0,147.09
1,5,48,1,1,1,35.0,293.14
1,10,26,0,1,1,27.0,437.98
0,3,46,1,0,1,41.0,445.02
0,2,31,0,1,1,65.0,306.94
1,6,57,1,1,1,32.0,404.8
0,5,58,1,0,0,33.0,130.14
1,7,39,1,0,1,45.0,148.43
0,9,28,0,0,0,31.0,431.16
0,3,40,0,0,1,46.0,104.09
0,7,18,0,0,0,29.0,126.44
0,6,63,1,0,0,60.0,218.22
0,3,54,1,1,1,42.0,285.83
0,7,38,1,0,0,31.0,291.53
0,4,43,0,0,1,31.0,166.79
1,6,63,1,1,0,32.0,418.25
0,2,53,0,0,1,54.0,416.04
0,6,40,0,1,0,23.0,206.83
0,5,18,0,0,0,30.0,223.72
0,9,57,0,1,0,31.0,331.0
0,2,32,0,0,1,38.0,315.2
0,6,38,0,0,1,35.0,202.92
1,6,64,1,0,0,20.0,215.7
0,8,26,0,1,0,33.0,189.22
0,7,26,1,1,0,37.0,144.15
0,8,27,1,0,1,30.0,233.26
0,9,43,1,1,0,46.0,324.57
0,10,58,1,0,1,49.0,346.79
0,5,52,1,0,0,37.0,361.55
1,6,42,1,1,1,41.0,199.89
0,10,43,0,0,1,12.0,355.85
0,15,28,1,0,0,33.0,52.61
1,10,55,1,1,1,50.0,240.82
0,5,19,1,1,0,33.0,367.56
0,4,24,0,1,0,29.0,302.02
0,6,35,0,1,1,65.0,239.63
0,8,44,0,0,1,60.0,307.86
0,6,51,0,1,0,44.0,412.78
0,6,44,1,0,1,52.0,276.55
1,10,34,0,1,0,11.0,369.91
0,5,60,1,0,0,29.0,442.3
0,10,61,1,0,1,32.0,332.23
0,6,41,0,0,1,35.0,279.33
1,5,42,1,0,1,32.0,64.99
0,6,24,0,0,0,7.0,199.79
0,9,23,0,1,1,43.0,276.18
0,3,41,1,1,1,45.0,368.88
0,4,50,1,0,0,57.0,225.24
0,12,46,1,1,0,29.0,434.02
1,3,60,0,0,1,28.0,158.72
0,7,39,0,0,1,6.0,347.83
0,7,43,1,0,0,34.0,217.61
0,6,45,1,1,0,49.0,244.4
0,7,38,0,1,0,31.0,371.0
0,4,24,0,0,0,64.0,168.49
0,7,34,1,0,0,35.0,88.72
0,5,37,1,0,0,40.0,258.1
0,8,58,0,0,0,22.0,261.52
0,3,37,1,0,0,41.0,368.87
0,7,39,1,0,0,14.0,437.33
0,4,45,0,1,1,46.0,72.12
0,4,57,0,1,1,47.0,286.68
0,4,24,1,0,0,54.0,322.51
1,4,18,1,0,1,26.0,444.32
0,9,49,1,1,0,40.0,427.04
0,5,30,1,1,1,45.0,334.98
0,11,47,0,1,0,43.0,258.72
0,12,40,1,1,1,28.0,114.61
0,7,36,0,0,0,9.0,203.67
0,3,49,0,1,0,42.0,284.05
0,5,47,1,0,1,36.0,340.08
0,9,46,1,0,0,31.0,304.16
0,5,62,0,0,1,47.0,335.65
0,2,46,0,0,1,37.0,221.66
0,7,47,0,1,1,22.0,341.05
0,10,33,1,1,1,15.0,107.5
0,9,57,0,0,0,24.0,115.03
1,3,36,0,0,1,67.0,115.13
0,8,35,0,0,0,47.0,406.35
0,4,18,1,0,1,40.0,80.41
0,4,31,0,0,0,36.0,370.6
0,10,64,0,1,1,35.0,143.43
1,4,19,1,1,0,52.0,237.37
1,4,45,1,1,0,32.0,416.38
0,0,47,1,1,0,45.0,284.37
0,10,55,1,0,1,34.0,134.05
0,9,21,1,0,0,61.0,163.64
0,7,18,0,0,1,47.0,418.18
0,9,25,1,0,1,53.0,220.86
0,3,46,1,1,1,31.0,284.79
0,6,56,0,0,1,51.0,233.97
0,5,20,1,0,1,34.0,201.38
0,2,49,1,0,0,39.0,139.31
0,6,27,0,1,1,58.0,324.48
0,11,27,0,0,1,25.0,337.3
1,1,36,0,1,1,40.0,159.95
0,5,63,0,1,0,43.0,365.6
0,4,51,1,0,0,44.0,391.81
0,4,50,0,0,1,33.0,418.27
0,11,40,1,1,0,63.0,114.48
0,6,45,0,0,0,22.0,171.57
0,6,49,1,1,1,56.0,394.14
0,9,24,0,0,1,53.0,129.42
0,3,46,0,0,0,61.0,51.39
0,6,25,0,1,0,19.0,398.33
1,6,18,1,1,1,28.0,180.58
0,7,20,1,1,1,56.0,215.8
0,18,41,0,1,1,15.0,228.53
0,9,40,0,1,0,19.0,389.31
1,5,25,1,1,0,32.0,185.16
0,9,64,0,1,1,40.0,406.91
0,3,54,0,0,1,57.0,296.78
0,1,20,1,0,0,36.0,260.91
0,4,50,0,1,0,31.0,180.25
0,5,45,0,0,0,42.0,147.48
0,6,64,1,0,0,44.0,299.62
0,7,25,1,0,0,43.0,228.76
0,11,51,0,0,1,36.0,414.21
0,6,52,0,0,1,15.0,246.66
0,6,49,1,0,1,27.0,254.72
1,2,41,0,1,0,55.0,216.69
1,1,31,0,0,1,40.0,365.71
0,7,49,0,0,1,34.0,219.94
0,6,63,1,0,1,51.0,157.74
1,10,60,0,0,1,24.0,394.81
0,3,33,1,0,0,35.0,288.73
1,1,21,1,1,1,40.0,286.6
1,6,54,1,0,1,33.0,294.33
0,4,38,1,1,0,39.0,337.54
0,1,31,0,0,1,36.0,175.23
0,8,48,1,0,0,21.0,63.54
0,3,35,0,0,0,40.0,374.24
0,7,24,1,0,0,22.0,101.56
0,5,27,1,1,0,40.0,338.73
1,3,24,0,1,1,54.0,82.93
0,5,50,0,0,0,35.0,200.12
1,9,40,1,0,1,24.0,75.21
0,5,38,1,0,1,36.0,258.89
1,9,36,1,0,1,28.0,311.25
0,3,36,1,1,1,45.0,118.57
0,9,53,0,0,0,36.0,198.65
0,4,46,0,1,1,59.0,422.1
0,8,35,1,0,0,52.0,226.96
0,7,19,0,0,1,36.0,371.02
0,11,18,0,0,1,47.0,420.87
0,5,64,1,0,0,33.0,439.74
1,2,22,1,1,1,38.0,409.33
0,0,37,0,0,0,34.0,176.96
0,9,28,0,1,1,47.0,435.03
0,6,59,1,0,1,55.0,374.96
1,9,19,1,1,1,48.0,384.87
0,4,20,1,0,0,49.0,56.07
0,5,40,0,1,1,49.0,431.7
1,1,29,0,1,1,45.0,361.24
0,12,37,1,1,1,24.0,357.19
0,8,22,0,0,0,58.0,82.61
0,11,54,0,1,0,60.0,143.03
0,4,55,0,0,0,35.0,434.9
1,7,47,1,0,1,34.0,250.27
0,8,26,1,0,0,45.0,209.14
0,5,51,0,0,0,45.0,385.98
0,10,61,1,1,0,36.0,84.94
0,11,52,0,0,0,23.0,216.78
0,10,39,1,0,0,42.0,200.28
0,8,61,1,0,1,45.0,189.94
1,4,41,1,0,0,47.0,173.08
1,5,34,1,1,0,42.0,134.03
1,12,27,0,0,1,35.0,119.16
0,0,47,1,0,1,50.0,306.16
0,8,63,1,0,0,39.0,417.76
0,8,40,1,1,1,32.0,253.54
0,7,49,1,1,0,36.0,169.19
0,16,34,1,1,1,17.0,113.66
0,5,34,0,0,1,36.0,382.06
0,5,31,0,0,1,46.0,438.6
1,2,26,0,0,1,42.0,189.66
1,6,57,0,0,1,56.0,166.38
0,4,19,0,0,1,35.0,290.6
0,5,62,0,1,0,44.0,360.13
0,10,42,1,0,0,48.0,232.16
0,11,56,1,0,1,66.0,302.03
0,4,26,1,1,1,40.0,336.62
0,5,39,0,1,0,25.0,434.24
0,11,60,0,0,0,48.0,116.01
0,2,63,0,0,1,60.0,448.95
0,2,21,1,0,1,34.0,206.86
1,3,43,0,0,1,48.0,339.28
0,7,46,1,0,1,53.0,278.97
0,3,62,1,0,1,50.0,244.67
0,12,51,1,1,0,40.0,329.23
1,6,40,1,1,1,30.0,208.3
0,6,54,0,0,0,37.0,100.44
0,4,28,1,0,0,44.0,245.56
0,6,23,1,0,0,49.0,258.77
1,8,35,0,1,0,42.0,130.76
0,9,38,0,0,1,33.0,424.25
0,9,59,0,0,1,45.0,140.99
0,7,53,1,0,1,48.0,213.69
0,11,58,0,0,0,43.0,111.97
0,9,55,0,1,0,28.0,264.32
0,9,51,1,0,0,36.0,173.06
0,2,34,0,0,1,49.0,245.71
1,0,54,1,0,0,21.0,139.85
1,4,42,1,0,1,13.0,71.51
0,8,55,0,1,1,56.0,361.69
1,6,29,0,1,0,44.0,306.43
0,6,40,1,0,1,45.0,186.3
0,10,59,0,0,0,25.0,69.0
0,10,39,0,0,1,47.0,396.23
1,11,38,0,0,0,41.0,117.92
0,5,44,1,0,1,19.0,422.3
0,8,48,0,1,0,55.0,241.44
0,4,23,1,0,0,40.0,186.15
0,4,44,0,1,0,33.0,346.7
0,4,57,1,0,1,33.0,400.74
0,5,51,1,1,0,14.0,198.29
0,6,29,0,0,1,45.0,212.94
0,10,62,1,1,1,41.0,223.26
0,3,24,1,0,1,36.0,418.93
0,8,27,1,0,0,53.0,327.03
1,6,62,0,1,1,21.0,149.06
0,5,34,1,0,0,31.0,124.0
1,6,43,0,1,0,28.0,142.15
0,5,38,1,0,1,35.0,155.43
0,7,45,1,0,0,39.0,142.07
0,6,63,1,0,1,43.0,313.4
0,3,19,1,0,0,34.0,96.37
0,3,60,1,0,1,27.0,204.94
0,6,18,1,0,1,58.0,300.02
0,11,53,0,1,1,67.0,166.34
0,5,43,0,0,1,40.0,76.11
0,8,46,1,0,1,29.0,82.73
0,8,38,1,0,1,56.0,100.39
0,11,28,0,0,1,21.0,384.34
0,9,57,1,0,1,34.0,313.15
0,7,28,1,1,1,30.0,75.81
0,8,53,0,1,0,24.0,206.43
0,10,56,0,0,0,35.0,161.43
0,5,57,0,1,0,28.0,281.22
0,5,52,1,0,0,38.0,259.12
0,0,51,1,1,0,38.0,242.45
0,9,64,0,1,0,31.0,175.8
0,9,41,1,1,1,34.0,105.12
0,3,39,1,0,0,35.0,346.95
0,7,22,0,0,1,48.0,401.94
1,6,50,1,0,0,36.0,427.66
0,3,53,0,1,0,48.0,73.45
0,14,64,0,0,1,45.0,345.96
0,4,37,0,1,0,45.0,340.6
1,2,36,1,0,1,55.0,428.84
0,7,52,1,1,1,25.0,151.17
0,8,60,1,0,1,32.0,346.87
0,1,34,1,0,0,59.0,71.85
1,8,62,0,0,0,35.0,302.5
0,6,60,1,0,0,5.0,190.34
0,3,51,1,0,1,36.0,357.56
1,3,26,1,1,1,40.0,395.32
0,7,43,0,0,0,7.0,195.93
0,5,19,1,0,1,54.0,260.23
0,11,26,1,1,0,29.0,96.96
0,9,26,1,0,1,42.0,216.76
0,14,57,0,1,1,35.0,194.32
1,4,34,1,1,1,23.0,123.25
0,12,18,0,0,0,25.0,407.79
0,6,42,0,0,1,27.0,109.24
0,5,60,1,0,1,51.0,304.3
0,2,57,0,1,1,36.0,406.06
0,2,59,1,0,1,32.0,414.79
0,8,42,0,1,1,27.0,367.3
1,6,56,0,1,1,52.0,120.46
0,4,52,1,0,0,56.0,376.97
1,7,20,1,1,1,52.0,160.63
0,4,54,1,1,0,44.0,418.96
0,7,61,0,0,0,41.0,333.63
0,5,61,1,1,1,23.0,364.11
0,9,47,0,1,1,35.0,84.01
0,9,55,1,0,0,30.0,283.11
1,6,51,0,0,1,16.0,378.46
1,5,29,1,0,1,51.0,394.64
0,5,36,0,0,1,30.0,61.45
0,9,54,1,1,0,52.0,425.66
0,5,61,0,0,0,49.0,67.34
1,4,34,1,1,0,45.0,295.81
0,2,27,1,0,0,45.0,327.36
1,6,64,1,0,1,31.0,92.94
0,6,29,0,1,1,60.0,69.2
1,10,33,1,1,1,39.0,363.96
0,4,41,0,0,1,42.0,203.87
0,5,36,1,0,1,30.0,92.85
0,9,25,0,0,1,27.0,355.07
0,9,48,0,0,1,44.0,389.67
0,5,38,0,0,1,41.0,284.95
0,6,34,1,0,1,29.0,114.49
0,5,40,1,1,0,21.0,56.09
0,11,54,1,0,0,23.0,330.32
0,3,33,1,1,0,52.0,270.06
0,11,23,0,1,1,31.0,310.32
1,8,25,0,0,1,34.0,375.27
0,6,42,0,1,1,55.0,223.69
1,1,35,1,0,1,25.0,99.81
0,6,42,0,1,1,29.0,425.99
1,6,29,1,0,0,29.0,268.1
0,3,32,0,0,0,57.0,296.12
0,8,43,1,1,1,62.0,423.36
0,13,58,1,0,1,47.0,422.63
0,7,62,1,1,1,47.0,278.84
1,8,43,0,1,1,31.0,169.04
0,2,64,0,0,1,61.0,448.85
0,6,49,1,0,1,41.0,322.33
0,3,27,1,0,1,48.0,213.37
0,7,33,1,0,1,37.0,273.93
0,11,24,0,1,1,35.0,216.33
0,8,34,1,0,1,58.0,405.32
1,2,40,0,0,1,44.0,243.0
0,5,43,0,1,0,55.0,379.41
1,7,38,0,0,1,41.0,386.07
0,6,39,1,1,0,28.0,379.73
0,10,24,0,0,0,31.0,338.88
0,9,31,0,1,0,39.0,391.95
0,7,32,1,0,0,30.0,204.89
1,5,24,0,0,0,25.0,95.87
0,4,26,0,0,0,52.0,386.98
1,3,25,1,0,1,31.0,249.27
1,5,40,1,1,1,40.0,100.95
0,6,46,1,0,0,42.0,96.13
0,8,35,0,1,0,31.0,113.7
0,8,48,1,0,0,55.0,350.39
0,2,47,0,0,0,25.0,334.34
0,5,56,0,0,0,41.0,131.53
0,4,52,0,0,0,41.0,388.77
1,3,35,1,0,0,37.0,162.52
0,9,59,0,0,0,22.0,367.19
0,1,56,1,1,0,48.0,245.52
0,6,34,1,0,0,47.0,342.62
0,3,31,0,0,0,30.0,202.56
0,10,48,1,0,0,46.0,188.86
1,7,41,0,0,1,42.0,386.54
1,4,52,1,1,1,23.0,64.12
0,6,61,1,0,0,28.0,439.89
0,8,62,1,0,0,52.0,309.27
0,12,51,0,0,1,42.0,222.99
1,4,20,0,0,1,31.0,301.22
0,10,54,0,0,0,28.0,99.1
0,11,60,1,1,0,32.0,255.62
0,11,57,1,0,0,33.0,444.04
0,7,43,0,0,0,28.0,144.11
0,7,40,1,1,1,17.0,338.91
0,6,61,1,0,1,52.0,223.99
0,9,56,0,1,1,50.0,310.98
0,6,32,1,0,0,23.0,131.95
0,8,21,0,1,1,40.0,238.19
0,6,46,0,0,0,27.0,442.04
0,8,39,1,0,1,35.0,128.11
0,9,42,1,0,0,34.0,304.58
0,3,30,1,0,0,33.0,280.24
0,10,35,0,0,1,62.0,276.02
0,6,50,0,0,0,33.0,296.05
0,10,33,1,0,1,28.0,250.9
0,6,62,1,0,1,29.0,56.77
0,5,59,0,0,1,51.0,410.04
0,11,61,0,1,1,18.0,380.79
1,4,19,1,1,0,29.0,119.67
0,10,52,1,0,0,55.0,215.31
0,6,59,1,0,1,41.0,358.22
0,6,51,0,0,1,40.0,442.02
0,5,47,0,0,0,64.0,430.45
0,7,30,1,1,0,41.0,409.74
0,5,30,0,0,1,30.0,113.35
1,1,35,1,0,0,35.0,415.79
0,4,49,1,1,0,24.0,401.38
1,0,49,1,0,0,53.0,200.78
0,13,52,0,1,1,45.0,207.81
0,12,56,1,1,0,51.0,233.96
0,5,63,0,0,0,53.0,312.47
0,8,46,1,0,0,33.0,154.33
0,5,46,1,0,0,27.0,59.18
0,8,61,1,0,0,37.0,106.49
0,9,33,0,0,1,28.0,226.05
1,11,61,1,1,0,40.0,162.8
0,6,64,0,0,0,52.0,355.81
0,9,27,1,0,0,36.0,92.68
0,4,47,1,0,1,40.0,416.99
0,16,42,1,1,1,37.0,408.13
0,1,56,1,0,0,48.0,413.5
0,7,37,1,1,0,30.0,345.84
0,8,22,1,0,1,12.0,92.8
0,8,18,0,0,0,44.0,225.26
0,3,47,0,1,1,50.0,102.56
1,11,20,1,1,0,43.0,445.08
0,4,62,1,0,0,30.0,183.22
0,7,31,1,0,1,24.0,284.13
0,4,47,1,1,0,44.0,361.76
1,5,21,1,0,0,40.0,418.25
0,6,35,0,0,1,36.0,352.22
0,6,54,1,1,0,60.0,319.8
0,3,42,1,0,1,27.0,236.39
0,3,18,1,0,0,59.0,292.16
0,6,63,1,0,1,38.0,87.67
0,9,32,0,0,1,16.0,403.57
1,10,26,1,1,1,36.0,267.51
0,2,32,1,0,1,50.0,66.05
0,5,41,0,0,0,34.0,417.96
0,3,21,1,0,1,20.0,245.72
0,0,29,0,1,1,36.0,397.44
0,8,54,0,0,0,28.0,392.76
0,7,54,1,1,1,44.0,376.3
0,3,60,0,0,0,47.0,74.56
0,4,23,1,1,0,25.0,148.83
0,1,56,0,0,0,30.0,400.22
0,10,63,1,1,1,47.0,409.6
0,13,41,1,0,1,28.0,233.23
0,3,28,0,0,0,25.0,226.02
0,4,30,0,1,1,24.0,120.06
0,10,51,0,1,1,42.0,437.36
0,11,42,0,0,1,42.0,135.26
0,6,24,1,1,1,30.0,126.37
0,2,21,1,0,0,38.0,314.29
0,1,25,1,1,0,56.0,147.14
0,7,37,1,0,0,26.0,425.51
0,5,46,1,0,0,15.0,54.36
1,1,62,0,0,1,43.0,52.3
0,7,63,1,0,1,37.0,251.95
1,0,27,1,1,0,29.0,245.22
0,9,60,1,0,1,46.0,115.35
0,5,51,0,0,1,48.0,247.81
1,1,43,0,0,0,12.0,214.66
0,7,58,0,1,0,30.0,406.13
1,5,20,1,0,1,66.0,53.7
0,13,23,0,0,0,45.0,440.51
0,6,22,1,1,0,46.0,299.76
0,4,22,0,0,1,52.0,110.74
0,8,64,0,1,0,38.0,68.7
1,4,40,1,1,1,48.0,265.24
0,11,26,1,0,0,47.0,143.96
0,5,52,0,1,0,44.0,170.47
0,6,37,1,1,0,34.0,148.05
1,2,59,0,0,1,40.0,310.07
1,6,52,1,0,1,31.0,271.41
0,10,35,1,1,1,38.0,81.19
0,9,34,1,0,0,24.0,260.61
0,4,41,1,1,1,29.0,366.48
0,4,20,1,0,1,35.0,82.48
0,9,49,1,0,1,27.0,405.9
0,11,52,0,0,1,32.0,281.32
1,2,55,1,0,1,36.0,430.25
0,6,30,0,0,0,43.0,109.26
0,5,64,0,1,1,49.0,447.43
0,10,42,0,1,1,32.0,307.71
1,2,26,1,1,0,54.0,277.0
0,4,21,1,0,0,49.0,256.11
0,9,31,1,1,1,44.0,59.46
1,2,54,0,0,1,40.0,425.86
0,6,51,0,1,0,42.0,307.6
0,6,28,1,0,1,52.0,86.65
0,5,58,1,1,0,53.0,58.38
0,5,20,0,1,1,54.0,70.31
0,6,45,1,0,1,38.0,293.76
0,3,46,0,0,1,45.0,295.61
0,7,26,0,0,0,54.0,249.87
1,9,20,0,0,0,31.0,172.71
0,9,42,1,0,1,34.0,262.7
0,3,51,1,0,0,38.0,256.52
0,3,29,0,0,1,49.0,57.77
0,4,59,0,1,1,49.0,162.99
1,5,26,1,1,0,35.0,71.27
1,6,32,1,1,1,20.0,410.06
0,8,57,0,1,0,41.0,340.09
0,2,42,0,0,0,27.0,448.45
0,1,22,0,0,0,20.0,170.87
0,5,28,0,1,0,23.0,401.39
0,8,51,1,1,1,42.0,291.22
0,4,41,1,0,1,54.0,231.25
1,7,32,0,1,1,38.0,139.03
1,4,55,0,1,1,41.0,345.36
1,10,25,1,1,1,52.0,411.66
0,10,22,1,1,1,19.0,144.12
0,5,43,0,0,0,44.0,120.16
0,4,35,1,1,1,38.0,328.49
0,6,23,1,1,0,45.0,440.79
0,4,54,1,0,0,32.0,349.98
0,8,30,0,1,0,28.0,163.83
0,9,45,0,0,1,40.0,217.98
0,8,22,1,0,1,58.0,203.73
0,9,30,0,0,1,48.0,390.84
0,5,34,0,0,1,32.0,358.55
0,3,57,0,0,1,22.0,285.59
0,8,62,0,1,0,18.0,159.98
0,5,49,1,0,1,54.0,425.2
0,8,46,1,0,0,27.0,311.33
0,4,20,1,0,0,34.0,438.19
1,2,57,1,0,1,54.0,282.05
1,16,51,1,1,1,19.0,378.48
0,3,57,0,1,0,56.0,375.24
0,15,44,0,1,1,35.0,184.93
0,13,30,0,0,0,24.0,435.61
1,9,62,1,0,1,35.0,58.78
0,8,50,1,1,0,29.0,357.48
1,7,23,1,1,1,43.0,436.22
0,10,41,1,0,1,30.0,185.56
1,5,36,1,1,0,15.0,309.24
0,6,33,0,1,1,35.0,274.89
1,7,57,0,1,1,22.0,354.6
0,6,45,1,0,1,40.0,396.47
1,6,50,1,1,1,24.0,291.22
0,5,58,0,0,0,32.0,376.36
1,7,30,1,0,0,40.0,174.91
0,10,60,0,0,0,35.0,141.43
1,4,62,0,0,0,41.0,222.27
0,11,42,0,0,1,46.0,321.09
1,8,59,1,0,1,24.0,124.9
0,9,53,0,1,0,37.0,322.14
0,7,44,1,1,0,5.0,207.64
0,9,55,0,1,1,41.0,368.23
0,0,24,1,0,1,34.0,64.73
1,9,22,1,0,1,26.0,317.19
1,1,60,1,1,0,42.0,309.93
0,10,62,0,0,0,52.0,426.37
0,16,48,0,1,1,32.0,335.35
1,5,40,0,1,0,27.0,368.52
0,4,59,0,0,1,40.0,411.84
0,9,27,1,1,1,22.0,320.02
0,4,49,0,1,0,30.0,166.06
0,10,60,1,0,1,53.0,397.91
1,3,47,0,0,1,39.0,349.03
0,3,56,0,0,0,15.0,219.78
0,13,48,1,0,0,16.0,334.21
1,8,35,0,0,0,40.0,397.08
0,10,53,1,0,1,48.0,440.26
0,5,19,1,0,1,19.0,430.94
0,8,31,0,1,0,43.0,180.13
0,7,30,1,0,0,54.0,218.68
0,7,46,0,0,0,61.0,93.81
0,8,29,1,0,1,42.0,149.02
0,7,56,1,0,1,44.0,402.97
0,6,19,0,0,0,12.0,194.34
0,4,49,0,0,0,63.0,298.22
0,9,30,0,0,1,31.0,316.39
1,4,63,0,1,1,27.0,362.73
0,8,44,0,1,1,35.0,123.12
0,4,58,1,0,1,56.0,171.93
0,7,34,1,0,1,64.0,229.33
0,8,57,1,0,1,40.0,195.94
0,4,48,0,1,0,50.0,443.16
0,2,51,0,0,1,39.0,383.98
1,3,41,1,1,0,26.0,241.87
0,7,62,0,0,1,56.0,401.71
0,10,52,0,0,0,31.0,189.06
0,1,23,1,1,1,56.0,364.33
0,8,36,1,1,0,54.0,139.47
0,5,47,0,1,0,45.0,358.93
0,6,24,0,0,0,60.0,232.58
0,11,27,0,0,0,65.0,93.0
0,5,58,1,0,1,36.0,159.3
0,6,49,0,0,0,28.0,210.91
1,0,51,1,1,0,16.0,349.72
0,2,45,1,1,0,65.0,79.19
1,4,32,0,1,1,33.0,313.82
0,1,47,1,1,0,52.0,336.41
0,7,54,0,0,1,29.0,311.57
1,6,46,1,1,1,56.0,354.27
1,6,39,0,1,1,30.0,121.27
0,3,21,0,0,1,24.0,284.84
0,5,37,1,1,0,35.0,426.46
0,8,49,0,0,0,32.0,294.31
0,12,53,1,1,0,45.0,294.53
1,2,21,0,0,0,37.0,344.58
0,10,44,1,0,1,46.0,183.28
0,7,34,1,1,0,35.0,330.19
1,7,29,1,1,1,30.0,416.49
0,6,39,1,0,0,31.0,54.36
0,2,34,0,0,0,63.0,398.05
0,2,27,1,0,0,41.0,137.45
0,7,18,1,0,0,14.0,232.37
1,5,39,1,1,0,32.0,390.94
0,11,43,1,1,1,39.0,379.56
0,6,35,0,0,1,60.0,406.77
0,3,31,0,1,0,50.0,426.17
0,8,64,1,0,1,27.0,228.86
0,5,46,0,1,0,67.0,312.55
0,6,29,0,0,1,38.0,206.19
0,8,53,1,0,1,53.0,190.29
0,11,52,0,0,0,24.0,222.64
0,9,29,0,0,1,9.0,347.23
1,8,24,0,1,1,21.0,250.58
1,8,46,0,1,1,5.0,375.62
0,11,28,1,0,1,63.0,348.09
0,5,50,0,0,0,41.0,58.19
1,0,23,0,1,1,27.0,302.1
1,4,64,1,1,0,43.0,224.63
0,4,32,0,0,0,40.0,232.65
0,8,49,1,0,1,45.0,377.35
0,7,28,0,1,0,53.0,269.04
0,7,40,0,0,0,35.0,404.25
0,0,43,1,0,1,27.0,335.12
0,8,51,1,0,1,48.0,271.14
1,5,63,0,1,1,48.0,351.82
1,8,51,1,1,0,39.0,65.34
0,7,46,1,1,0,64.0,60.83
1,5,21,1,1,0,33.0,83.34
1,3,34,1,1,0,27.0,225.03
0,2,52,1,0,0,43.0,144.18
1,10,30,1,1,0,30.0,443.7
0,11,58,1,0,0,44.0,266.92
0,7,56,0,1,1,28.0,314.97
1,3,32,0,0,0,33.0,161.53
0,6,46,1,0,0,61.0,178.72
0,8,46,1,1,0,33.0,184.18
0,9,28,0,1,0,28.0,329.49
0,3,49,1,0,1,52.0,239.48
1,0,19,1,0,0,25.0,257.07
0,8,64,1,0,1,30.0,286.8
0,5,31,0,0,0,45.0,357.52
0,4,37,0,1,1,49.0,86.15
1,0,39,0,0,0,53.0,360.75
1,6,28,0,1,0,29.0,275.29
0,10,44,0,0,0,45.0,317.64
0,12,20,1,1,1,32.0,181.02
1,7,34,0,1,0,31.0,213.75
0,6,61,1,0,0,52.0,142.47
0,2,45,0,0,0,31.0,441.72
0,6,46,0,1,1,41.0,248.8
1,5,38,1,1,0,40.0,448.43
0,7,64,1,0,1,25.0,245.91
1,5,33,1,0,0,50.0,137.9
0,4,54,0,0,1,45.0,252.98
1,2,37,0,0,0,14.0,65.84
0,5,23,0,0,0,41.0,411.91
0,2,36,1,0,1,29.0,377.42
1,3,22,0,1,1,51.0,340.33
0,15,20,0,1,0,21.0,293.93
1,6,18,0,1,1,34.0,281.93
0,6,55,0,1,0,42.0,448.69
0,10,32,0,1,1,39.0,161.2
0,17,51,0,0,1,47.0,361.87
0,7,52,0,0,1,20.0,282.56
0,9,42,0,1,0,58.0,440.35
0,5,41,1,1,1,44.0,381.12
0,5,29,1,0,0,54.0,449.41
0,6,35,0,1,0,48.0,285.33
1,8,32,0,1,1,38.0,131.82
0,8,61,0,1,0,23.0,251.47
1,5,33,1,0,1,31.0,334.44
0,3,44,1,1,0,57.0,359.74
1,7,25,0,1,1,55.0,50.2
0,3,63,0,0,1,31.0,252.01
0,7,42,1,1,0,5.0,144.09
0,8,34,1,0,0,35.0,399.96
0,8,46,0,1,1,35.0,111.16
0,9,25,1,0,0,35.0,316.58
0,10,32,0,0,1,44.0,156.42
0,6,44,1,0,0,49.0,192.62
0,8,63,0,0,0,50.0,426.22
0,7,24,0,0,1,43.0,146.18
1,4,20,0,0,1,16.0,88.0
1,1,46,1,1,1,34.0,77.71
0,5,61,0,0,1,66.0,251.85
0,6,41,1,0,1,42.0,306.68
0,7,20,1,1,0,42.0,180.92
0,10,37,0,0,0,42.0,326.1
0,4,63,0,0,1,43.0,74.41
0,3,32,0,0,0,9.0,392.93
0,12,42,1,1,0,35.0,376.63
1,3,47,1,1,0,38.0,444.2
0,6,31,1,1,1,53.0,424.6
0,7,24,0,1,0,39.0,192.48
0,6,34,0,0,1,18.0,209.71
0,2,61,0,0,1,43.0,348.39
1,2,37,0,0,1,28.0,103.63
1,3,53,1,0,1,23.0,175.61
1,7,26,1,1,1,28.0,97.42
0,6,55,1,1,0,45.0,231.95
0,4,39,1,0,1,53.0,270.8
1,7,19,1,1,0,44.0,134.46
0,9,41,0,0,1,46.0,60.65
0,1,25,1,0,0,44.0,337.74
0,6,28,0,1,0,39.0,58.0
0,8,30,1,0,1,46.0,439.36
1,4,34,0,0,1,9.0,138.64
0,5,25,0,0,0,39.0,315.56
0,7,38,0,0,1,25.0,223.9
1,10,35,1,1,1,52.0,73.87
0,9,47,0,1,1,36.0,238.87
0,7,35,0,0,0,38.0,256.7
0,8,63,1,0,0,20.0,391.87
0,5,64,1,1,0,50.0,342.94
0,7,48,1,1,0,46.0,81.72
0,6,55,0,0,0,45.0,133.67
0,4,49,0,0,0,28.0,174.76
1,8,28,0,1,0,29.0,96.56
0,7,62,1,0,1,41.0,232.76
0,5,42,1,0,1,30.0,443.72
0,11,50,0,0,0,43.0,255.85
1,1,55,1,0,0,12.0,346.75
0,5,58,0,0,1,32.0,323.18
0,2,25,0,0,1,60.0,389.96
0,9,28,1,1,0,43.0,136.29
0,8,39,0,0,0,40.0,351.53
0,5,41,1,0,1,62.0,402.54
0,8,58,0,0,0,10.0,118.6
0,5,34,1,1,0,28.0,188.72
0,9,29,0,0,0,33.0,438.04
0,6,63,1,0,1,48.0,362.32
0,6,49,1,0,1,49.0,163.04
0,11,32,0,1,1,28.0,275.58
0,4,33,1,0,1,50.0,211.73
0,3,39,0,0,0,33.0,245.99
0,7,45,1,0,1,53.0,192.07
0,12,37,0,1,0,26.0,161.73
0,5,50,1,0,1,37.0,319.91
0,2,27,0,1,1,32.0,361.42
0,5,57,1,1,0,51.0,399.58
0,6,49,1,1,0,32.0,112.13
1,3,50,1,0,1,37.0,379.14
0,8,19,0,1,0,44.0,151.92
0,17,50,1,0,1,45.0,220.93
0,6,50,0,0,0,49.0,410.58
0,5,58,0,1,0,41.0,231.8
0,6,30,1,0,1,33.0,128.83
0,3,47,0,0,0,34.0,113.95
0,10,50,1,0,0,38.0,239.19
0,6,30,1,0,1,41.0,355.07
1,5,43,0,0,1,36.0,448.88
1,8,39,0,1,0,38.0,364.96
1,6,56,0,1,1,20.0,400.8
0,7,19,1,1,1,46.0,349.13
1,2,55,1,0,0,40.0,408.17
0,9,56,1,1,1,50.0,80.52
0,11,43,0,0,1,38.0,421.97
1,7,63,1,0,0,17.0,208.56
0,12,32,0,0,0,34.0,418.65
0,3,51,1,0,1,36.0,80.29
0,6,59,1,0,1,47.0,336.1
0,7,61,1,0,0,13.0,344.28
0,7,57,1,0,0,38.0,448.76
0,6,28,1,0,1,44.0,357.54
0,5,20,0,0,1,30.0,203.03
0,3,23,0,1,1,39.0,272.9
1,5,26,0,1,0,30.0,196.62
0,3,23,1,0,0,29.0,128.41
0,8,26,1,0,0,33.0,149.4
1,4,56,0,1,0,29.0,138.8
0,2,48,1,0,0,46.0,269.53
0,7,49,0,1,1,29.0,412.46
0,7,58,1,0,0,27.0,415.09
0,10,29,1,1,0,59.0,71.91
0,7,25,0,0,0,50.0,81.96
1,5,25,1,0,1,16.0,148.05
0,9,45,0,1,0,29.0,152.02
0,6,37,0,0,1,41.0,87.96
0,2,64,1,0,1,42.0,205.39
0,7,24,1,0,0,20.0,285.09
0,11,28,0,1,0,52.0,281.26
0,5,37,0,0,1,48.0,267.37
0,5,33,1,0,0,44.0,185.47
0,3,21,0,0,1,54.0,332.58
0,3,23,1,0,1,43.0,380.59
1,6,39,1,1,1,43.0,188.51
0,7,43,1,0,0,57.0,84.21
0,2,20,1,0,0,51.0,168.53
0,11,58,1,0,0,28.0,104.95
0,9,59,0,0,0,46.0,236.94
0,7,31,1,0,1,30.0,112.37
1,9,28,1,0,1,44.0,235.14
1,2,35,1,0,0,44.0,138.4
0,6,29,0,1,1,21.0,345.49
0,7,40,0,0,0,37.0,61.03
0,9,29,1,1,0,41.0,271.9
0,9,30,1,0,0,33.0,117.8
0,4,42,1,0,1,42.0,50.4
0,11,62,1,0,1,48.0,397.68
0,3,36,1,0,1,38.0,318.61
0,10,63,1,1,1,41.0,89.58
0,13,53,1,1,0,55.0,315.63
1,3,62,0,1,1,44.0,294.66
0,8,25,1,0,1,40.0,239.34
0,1,46,0,0,1,27.0,217.7
0,6,49,0,0,1,46.0,404.83
0,6,61,0,1,0,42.0,148.06
0,7,35,1,0,1,53.0,209.32
0,11,23,1,0,1,39.0,181.65
0,8,35,1,0,1,16.0,358.48
1,6,36,0,0,1,18.0,416.59
1,9,39,1,1,1,47.0,389.91
0,12,54,0,0,1,31.0,369.08
0,1,49,0,0,1,43.0,444.72
0,14,58,1,0,0,39.0,328.86
1,2,20,0,1,0,36.0,350.42
0,9,45,1,0,0,37.0,443.12
1,5,27,1,1,1,28.0,52.8
0,3,52,1,0,1,38.0,303.62
1,6,46,1,1,0,31.0,345.59
1,7,32,0,1,1,34.0,417.13
0,5,50,1,0,0,34.0,403.54
0,2,24,1,0,1,35.0,386.78
0,7,29,0,0,1,49.0,428.32
0,11,47,0,0,0,36.0,264.95
0,5,38,1,1,1,50.0,52.77
0,4,48,0,0,1,56.0,54.42
0,6,41,0,0,1,48.0,267.86
1,1,37,1,0,1,44.0,224.11
0,9,54,1,0,1,42.0,230.5
0,9,21,1,1,0,48.0,210.16
0,7,45,0,0,0,39.0,417.09
0,5,61,0,1,0,50.0,193.67
0,9,37,0,1,1,45.0,392.49
0,7,41,1,0,0,34.0,411.15
0,9,49,1,0,0,49.0,249.8
1,7,58,1,1,1,39.0,228.78
0,9,53,1,0,0,37.0,354.41
0,7,51,0,0,0,32.0,333.19
1,6,53,0,0,0,40.0,181.41
0,12,19,1,0,1,50.0,91.02
0,6,32,1,1,1,49.0,155.94
0,7,51,1,0,0,42.0,102.41
0,4,53,1,0,1,45.0,167.89
1,7,23,1,1,0,53.0,154.73
0,7,56,1,1,0,36.0,305.08
0,4,59,1,0,0,25.0,431.8
1,2,29,1,1,1,54.0,324.3
0,7,20,1,0,0,32.0,420.66
1,9,62,1,1,1,30.0,363.65
0,6,35,0,0,0,16.0,341.15
0,4,57,1,0,0,45.0,215.62
1,8,38,0,1,1,19.0,179.92
0,2,32,1,0,0,29.0,388.51
0,6,50,1,1,1,45.0,412.16
0,3,52,1,0,1,47.0,230.75
1,4,43,1,1,1,30.0,53.63
0,4,25,0,1,1,36.0,367.01
0,5,53,1,0,1,28.0,164.03
1,2,47,0,1,1,31.0,53.96
0,5,40,0,0,0,41.0,372.0
0,6,59,0,1,0,32.0,256.97
0,6,61,0,0,0,35.0,324.08
1,5,31,0,1,1,20.0,415.88
0,10,31,1,0,0,52.0,266.47
0,3,19,0,0,0,44.0,251.28
1,6,54,1,0,1,48.0,166.26
0,2,22,1,0,0,53.0,172.08
0,2,55,1,1,1,28.0,368.62
0,7,62,0,0,0,34.0,229.61
1,7,58,0,1,1,15.0,115.41
1,10,64,1,0,1,76.0,87.81
0,7,31,0,0,0,36.0,239.17
0,12,56,1,0,1,50.0,235.98
0,1,42,1,1,1,23.0,311.38
0,2,37,1,1,0,50.0,238.43
0,1,19,1,0,0,60.0,107.39
0,4,56,1,0,0,37.0,253.12
1,6,23,1,0,1,26.0,412.72
0,7,34,0,1,1,36.0,113.78
0,1,42,1,0,0,11.0,325.9
0,11,45,1,1,1,38.0,287.54
0,10,19,0,0,1,48.0,349.43
1,5,52,0,1,0,38.0,110.24
1,2,54,1,1,1,35.0,426.64
0,3,22,1,0,1,44.0,298.39
0,3,18,0,0,1,45.0,388.83
0,3,57,0,0,1,18.0,148.64
0,6,29,1,0,1,39.0,345.77
0,4,53,1,1,1,67.0,362.41
0,5,62,0,0,1,22.0,208.97
0,15,40,1,1,0,37.0,203.58
0,8,64,0,0,0,61.0,313.12
0,11,48,1,0,1,51.0,87.36
1,3,28,0,0,1,32.0,344.25
1,5,27,1,0,1,40.0,67.15
0,7,20,1,0,1,38.0,126.24
1,2,31,0,0,1,29.0,315.66
1,0,33,1,0,0,37.0,89.33
0,8,27,0,0,0,35.0,438.74
1,7,46,1,0,0,39.0,397.36
1,6,27,1,0,1,29.0,300.52
0,6,29,1,0,1,23.0,377.62
0,6,47,0,1,0,38.0,405.03
0,1,58,1,0,1,59.0,153.79
0,5,18,1,1,0,39.0,389.76
1,3,22,1,0,1,34.0,127.92
1,2,37,0,1,0,47.0,215.34
0,12,25,0,0,0,36.0,273.3
0,7,60,1,1,0,60.0,335.56
0,8,29,1,0,0,38.0,62.06
0,5,18,0,1,1,46.0,166.2
1,5,37,1,0,1,29.0,293.41
1,4,45,0,0,0,44.0,192.95
0,2,60,0,1,1,41.0,360.01
0,3,54,0,0,1,37.0,310.66
0,9,64,1,0,1,32.0,143.76
0,8,54,0,0,1,30.0,108.37
0,6,29,0,0,1,41.0,301.62
0,6,54,0,1,0,46.0,230.19
0,11,61,1,0,1,36.0,117.58
0,2,45,1,1,1,41.0,180.55
0,5,64,1,0,0,38.0,171.22
0,5,32,1,0,0,39.0,93.25
1,9,23,0,1,0,36.0,268.76
0,16,61,1,1,1,38.0,355.46
0,4,37,1,1,0,70.0,280.19
0,10,31,1,0,1,42.0,380.52
0,10,19,0,0,1,46.0,101.03
0,4,26,0,0,1,43.0,224.24
0,5,54,1,0,1,35.0,293.77
0,6,37,1,0,1,54.0,320.4
0,13,43,1,1,0,35.0,328.31
0,4,46,0,1,1,51.0,341.59
0,9,18,0,0,1,34.0,310.57
1,5,52,0,0,1,26.0,87.69
1,8,23,1,1,1,42.0,328.12
1,6,54,0,0,0,25.0,339.91
0,7,22,1,0,1,44.0,447.39
0,10,50,0,0,0,24.0,327.34
0,9,31,1,0,1,34.0,324.73
0,10,29,0,1,0,21.0,255.93
0,2,59,0,0,0,72.0,397.17
0,8,37,0,0,0,18.0,448.73
0,3,41,0,0,0,38.0,361.62
0,6,60,1,1,0,52.0,295.0
0,6,51,1,1,1,50.0,81.58
1,6,42,0,0,1,48.0,340.7
0,6,46,1,0,0,34.0,333.42
0,17,56,1,0,0,54.0,360.23
1,3,48,1,0,1,49.0,99.82
0,8,64,0,1,1,41.0,311.49
0,5,60,1,0,0,41.0,168.29
1,3,40,1,0,1,34.0,354.11
1,3,61,1,1,1,27.0,146.15
0,11,55,1,0,1,53.0,323.59
0,10,37,0,1,0,54.0,168.0
0,11,40,0,0,0,27.0,53.6
0,16,62,0,0,1,36.0,303.34
1,4,33,1,1,1,36.0,95.31
0,5,59,0,0,1,38.0,313.72
0,8,25,0,1,1,39.0,420.24
0,6,38,1,0,0,49.0,437.7
0,6,18,0,0,0,29.0,144.37
0,5,25,0,1,1,28.0,373.7
0,7,46,0,0,0,53.0,191.42
0,7,49,0,1,0,32.0,410.18
1,3,55,1,0,1,23.0,365.0
1,6,22,1,0,1,32.0,79.57
0,7,64,0,0,0,34.0,212.85
0,7,39,1,0,1,57.0,184.93
1,4,64,1,0,0,49.0,364.07
0,8,51,0,0,1,52.0,214.11
0,1,18,0,0,0,48.0,323.84
0,5,43,1,0,0,49.0,290.97
0,9,60,0,1,0,30.0,440.26
0,7,27,0,0,0,36.0,425.11
0,4,47,0,1,0,26.0,221.08
0,8,35,1,0,0,35.0,339.43
0,7,34,1,0,1,46.0,381.78
0,9,43,1,1,1,40.0,409.55
0,8,25,1,0,0,54.0,77.25
0,7,64,1,0,0,24.0,170.83
0,6,57,1,0,1,44.0,178.09
1,3,29,1,0,1,23.0,223.78
0,4,44,0,0,0,39.0,117.71
1,6,25,1,1,1,47.0,248.48
0,7,42,0,0,1,35.0,315.29
0,6,63,0,1,0,45.0,248.95
0,5,21,1,1,0,26.0,316.32
1,0,50,0,0,1,18.0,76.58
0,6,18,0,0,1,45.0,400.39
0,5,36,1,1,1,59.0,425.63
1,8,48,0,1,1,26.0,297.16
0,1,33,1,0,0,53.0,402.56
1,7,31,0,0,1,39.0,102.58
0,11,22,1,0,1,22.0,368.98
0,3,58,0,0,1,24.0,97.66
0,6,43,1,0,1,38.0,213.2
1,2,45,0,1,0,33.0,179.53
0,7,19,1,0,1,22.0,284.24
0,7,23,0,1,0,18.0,170.61
0,6,26,0,0,0,28.0,304.93
1,6,50,1,0,1,40.0,196.95
1,10,58,0,0,0,38.0,394.32
0,4,42,1,1,1,32.0,303.55
0,1,30,0,1,0,40.0,136.12
0,10,26,1,1,1,50.0,184.45
1,7,30,0,0,0,43.0,388.97
0,10,48,0,0,1,37.0,204.59
0,7,58,1,0,0,49.0,264.32
1,9,28,1,0,1,26.0,309.58
0,6,21,1,1,0,35.0,189.12
0,8,51,0,0,1,36.0,167.59
0,11,55,1,1,0,23.0,240.1
0,7,63,0,0,1,33.0,135.95
1,4,21,0,1,1,13.0,163.68
0,4,55,1,1,0,61.0,74.83
0,4,36,0,0,0,27.0,171.59
0,4,23,1,1,1,57.0,178.28
0,5,51,1,0,0,38.0,434.73
1,7,35,0,0,0,45.0,285.89
0,7,30,1,1,0,32.0,364.95
0,6,58,1,1,1,40.0,68.15
0,7,40,0,0,1,46.0,92.61
0,2,36,1,0,0,46.0,375.81
1,2,62,0,1,1,47.0,299.42
0,3,28,0,1,0,34.0,126.39
0,6,18,1,0,1,32.0,211.92
0,4,41,1,1,1,19.0,265.47
0,5,24,0,0,0,44.0,387.44
0,6,42,1,0,0,51.0,74.16
0,9,38,1,0,0,57.0,288.69
1,0,32,0,0,1,42.0,336.81
1,7,18,1,1,1,29.0,441.16
0,8,29,0,0,1,18.0,372.86
1,9,24,1,1,1,51.0,160.49
0,11,32,1,0,0,16.0,333.83
1,1,38,1,1,0,34.0,355.31
0,3,36,0,1,1,35.0,341.89
0,10,46,0,1,0,37.0,378.06
0,6,42,0,0,1,38.0,411.49
0,7,50,1,0,0,40.0,89.37
0,8,49,1,1,1,9.0,91.91
0,8,52,1,1,0,38.0,368.56
1,11,61,1,0,1,11.0,150.95
0,17,55,0,1,1,47.0,73.42
0,8,43,0,0,1,31.0,210.49
0,5,28,1,0,1,12.0,377.95
0,10,52,0,1,1,28.0,100.63
1,1,25,1,0,1,31.0,318.74
0,4,63,0,1,1,52.0,51.45
0,10,31,1,0,0,40.0,93.89
1,4,27,1,0,1,42.0,190.34
0,4,19,1,0,0,52.0,83.44
0,3,63,1,0,1,37.0,388.36
0,10,26,0,1,0,47.0,395.63
0,6,20,1,0,0,46.0,352.23
1,8,38,1,0,1,23.0,146.99
0,4,43,0,0,0,56.0,259.3
0,9,25,0,0,1,21.0,123.68
0,9,19,0,1,0,49.0,162.51
0,5,23,1,0,0,20.0,256.4
1,6,45,0,1,1,45.0,344.01
0,4,46,0,1,1,60.0,87.86
0,13,43,1,1,1,35.0,168.68
0,7,42,1,1,1,35.0,420.65
0,11,29,1,0,0,45.0,221.65
1,5,22,1,0,1,34.0,425.55
0,9,51,1,1,1,60.0,446.56
0,9,54,1,1,1,40.0,260.66
0,8,32,0,0,1,34.0,165.22
0,12,61,0,1,1,32.0,366.31
0,5,53,0,0,0,27.0,113.72
1,3,32,0,0,1,30.0,150.82
0,8,60,1,1,0,34.0,363.95
1,8,40,0,1,1,32.0,223.46
1,7,23,0,0,1,30.0,130.62
0,4,63,1,1,0,63.0,310.45
0,6,61,0,0,1,26.0,343.1
0,5,60,0,0,1,40.0,100.03
0,6,62,0,1,0,45.0,160.79
0,7,38,0,1,1,46.0,138.51
0,8,40,1,0,1,37.0,201.94
0,4,60,1,0,0,35.0,355.38
1,6,33,1,0,0,43.0,335.48
1,4,64,0,1,1,41.0,315.01
0,4,32,0,0,1,35.0,52.51
0,9,42,0,1,1,19.0,106.86
0,11,53,1,1,1,32.0,139.32
0,5,28,1,1,0,24.0,158.78
0,9,32,0,0,0,30.0,108.57
0,10,21,0,1,0,38.0,214.13
0,10,38,1,0,1,42.0,80.07
0,4,30,1,0,1,59.0,350.01
0,12,39,0,0,0,32.0,365.09
1,5,36,0,0,1,47.0,279.71
0,5,51,1,1,0,42.0,85.88
0,2,31,1,0,0,54.0,406.03
0,6,21,0,0,0,45.0,436.25
0,3,63,0,1,1,26.0,130.95
1,4,44,1,0,1,17.0,331.86
0,5,46,1,1,0,42.0,386.78
0,9,64,0,0,0,32.0,265.94
0,10,45,1,0,0,26.0,179.33
0,5,52,1,1,1,23.0,241.42
0,10,25,0,0,0,40.0,254.91
0,10,33,1,0,0,56.0,210.25
0,9,59,0,0,1,33.0,421.94
1,3,53,1,0,1,45.0,347.55
0,8,47,0,0,0,37.0,146.52
0,11,35,1,0,1,23.0,284.22
0,8,19,1,0,1,47.0,325.48
1,5,30,1,1,0,25.0,106.06
0,6,21,0,0,1,38.0,193.37
0,7,43,0,0,0,34.0,412.22
0,6,42,1,0,1,49.0,276.87
1,3,47,0,1,1,25.0,136.8
0,5,28,0,1,0,43.0,99.11
0,9,24,0,1,0,28.0,257.29
0,10,48,1,1,1,32.0,269.07
0,3,61,0,0,0,5.0,183.77
0,12,27,1,0,1,63.0,302.17
0,5,56,1,0,1,45.0,77.47
1,8,30,0,0,1,29.0,108.06
0,9,48,0,0,1,25.0,268.51
0,9,24,1,0,0,32.0,74.73
0,11,59,1,1,0,47.0,402.36
0,5,59,0,1,0,15.0,106.86
0,10,53,0,0,0,36.0,319.57
1,3,37,1,1,1,59.0,206.48
0,8,21,0,0,0,24.0,209.92
0,8,24,1,0,0,39.0,355.96
1,8,18,1,0,0,64.0,249.78
0,4,61,0,0,0,46.0,340.26
0,10,62,1,0,0,40.0,252.08
0,3,59,1,1,1,44.0,287.16
0,2,64,0,0,0,33.0,354.29
0,8,30,0,0,0,54.0,292.92
0,6,39,1,0,0,33.0,296.25
0,10,38,0,0,1,14.0,365.69
0,5,39,0,1,1,33.0,429.63
0,3,45,1,0,0,26.0,200.69
1,10,26,0,1,1,35.0,280.85
0,6,43,1,1,0,35.0,84.51
1,4,26,1,0,1,52.0,193.52
0,8,32,0,0,1,46.0,214.82
1,6,27,0,1,1,41.0,384.09
0,7,41,1,1,0,38.0,255.36
1,6,59,1,0,1,25.0,342.43
1,9,25,1,1,1,12.0,57.6
1,9,41,1,1,1,39.0,235.8
0,8,33,1,0,1,48.0,410.53
0,3,43,1,0,1,37.0,139.73
0,10,44,0,1,1,32.0,62.61
0,8,54,1,1,0,44.0,223.36
0,8,21,1,0,0,37.0,331.77
1,5,41,0,0,1,58.0,231.79
0,10,36,0,0,1,53.0,233.99
0,8,53,1,0,0,50.0,317.92
0,3,56,1,1,1,47.0,151.76
1,6,27,0,0,0,23.0,350.76
0,10,42,1,0,0,46.0,111.25
1,1,35,1,0,1,43.0,208.3
0,12,36,0,0,1,45.0,312.4
0,8,53,1,0,0,44.0,381.35
0,7,27,1,0,1,43.0,366.61
0,4,50,1,0,1,70.0,338.67
1,4,22,1,0,1,37.0,193.64
0,11,64,1,0,0,49.0,98.92
0,5,52,0,0,1,32.0,136.73
0,9,61,1,1,1,47.0,395.93
0,5,51,1,0,0,49.0,392.93
0,3,50,1,0,1,42.0,430.62
1,0,38,0,1,1,58.0,80.4
1,6,34,0,0,1,27.0,264.72
0,13,39,1,1,0,32.0,309.47
0,5,54,0,0,0,41.0,334.26
0,5,32,1,0,1,49.0,307.55
1,5,52,1,1,1,40.0,358.0
0,6,45,1,1,1,53.0,193.79
1,6,24,1,0,1,30.0,121.77
0,10,49,1,0,1,24.0,131.83
0,6,28,0,0,0,42.0,54.79
0,6,27,1,1,0,37.0,190.13
0,3,26,0,1,1,45.0,86.7
0,14,31,1,0,0,38.0,178.6
0,4,30,1,0,0,34.0,301.28
0,2,42,1,0,0,37.0,407.79
0,8,19,0,0,1,38.0,385.84
0,7,52,1,0,1,34.0,151.07
0,6,24,0,0,1,36.0,103.63
0,6,38,1,0,1,33.0,127.23
1,9,35,1,1,0,48.0,438.39
1,4,20,1,1,0,40.0,269.79
0,9,59,1,0,1,65.0,123.0
0,7,56,1,0,1,40.0,386.3
0,6,58,1,1,0,31.0,208.08
0,6,28,0,0,0,70.0,409.69
0,4,56,1,1,0,43.0,154.27
0,9,41,0,0,1,50.0,207.29
1,6,63,1,0,0,45.0,251.98
1,5,36,1,0,0,45.0,407.05
0,7,21,0,0,0,44.0,397.5
0,17,43,1,1,1,25.0,279.74
1,6,55,1,0,1,42.0,138.71
0,11,59,0,0,1,22.0,211.34
0,5,49,0,0,0,36.0,440.25
1,2,56,1,1,0,29.0,293.11
0,4,62,1,0,0,42.0,362.44
0,6,63,0,0,0,42.0,229.95
0,4,53,1,0,1,44.0,262.8
1,0,57,0,0,1,41.0,221.58
0,11,54,1,0,1,31.0,331.17
0,10,50,1,1,1,35.0,390.59
0,8,53,0,0,0,49.0,252.95
0,3,20,0,0,0,51.0,242.35
0,3,26,1,1,1,24.0,186.11
0,2,25,1,0,0,20.0,120.84
1,8,50,0,0,0,29.0,425.7
0,11,23,0,0,1,51.0,176.43
0,6,58,1,0,1,53.0,370.28
0,3,56,0,1,1,27.0,336.14
0,6,21,0,0,1,42.0,366.37
0,5,30,0,1,0,60.0,424.71
0,5,19,0,1,1,43.0,299.35
0,7,22,1,0,1,55.0,409.18
0,8,61,0,0,0,50.0,117.08
0,3,44,0,0,0,27.0,300.69
0,1,49,1,0,1,36.0,358.91
0,16,38,1,1,0,38.0,158.66
0,4,25,1,1,1,39.0,346.3
0,2,55,0,0,1,49.0,361.39
1,4,25,1,0,0,43.0,382.48
1,1,20,0,0,1,5.0,175.15
0,5,61,0,0,0,22.0,322.64
0,9,20,0,0,1,12.0,171.7
1,5,39,0,0,1,40.0,345.62
0,6,23,0,1,1,41.0,235.19
0,8,19,1,1,1,41.0,289.02
0,6,40,0,0,0,26.0,216.34
0,10,61,1,0,0,46.0,114.79
0,10,19,0,0,0,47.0,121.21
0,0,55,1,1,0,23.0,81.03
1,9,34,0,1,1,20.0,297.23
1,6,52,0,1,0,38.0,389.46
0,15,51,0,0,0,60.0,58.33
0,6,40,1,1,0,58.0,76.5
0,15,47,1,0,0,45.0,232.99
0,9,25,0,0,0,29.0,345.09
0,4,39,1,0,1,49.0,113.08
0,6,61,0,0,0,33.0,158.66
0,16,53,1,0,1,29.0,142.8
0,10,22,0,0,1,12.0,209.62
0,2,30,1,0,0,39.0,140.0
0,8,46,0,0,1,30.0,191.04
0,5,48,0,0,1,39.0,341.42
1,0,64,1,0,1,10.0,294.4
0,6,33,1,0,0,40.0,82.47
0,4,59,1,0,1,9.0,305.1
0,9,47,0,0,0,51.0,240.83
1,5,33,0,1,1,44.0,423.83
0,9,29,0,0,1,35.0,165.72
0,0,34,1,0,1,45.0,340.47
0,5,33,1,0,0,26.0,342.34
1,4,29,1,1,1,39.0,138.6
0,4,25,1,1,0,48.0,411.29
0,2,37,1,0,0,5.0,246.47
0,4,20,0,0,0,33.0,321.55
0,7,33,0,1,0,38.0,108.34
1,5,47,1,1,1,36.0,153.12
0,6,62,0,1,0,55.0,284.44
0,5,40,0,1,0,25.0,177.61
0,10,45,1,1,0,31.0,249.88
0,11,57,1,0,0,15.0,199.6
0,6,22,1,0,0,56.0,306.22
0,5,37,0,1,0,35.0,244.86
0,3,57,0,1,1,33.0,51.84
0,12,61,0,0,0,37.0,309.87
1,2,18,1,1,0,46.0,218.85
1,5,47,1,0,0,42.0,186.68
0,5,38,0,0,1,70.0,87.66
0,5,37,0,1,0,43.0,138.15
1,3,23,0,0,0,32.0,139.51
0,9,39,0,0,1,31.0,424.15
0,3,35,1,0,0,33.0,223.01
1,7,25,0,0,1,20.0,66.83
0,3,56,0,0,0,38.0,105.53
1,2,49,1,0,1,47.0,81.61
0,11,50,0,0,1,31.0,285.55
1,4,33,1,1,1,28.0,124.65
0,9,29,1,1,0,56.0,249.42
1,6,55,1,0,1,21.0,198.02
0,2,51,1,1,0,13.0,371.55
0,12,31,1,0,0,24.0,178.2
1,4,53,1,0,0,20.0,233.31
0,10,50,1,0,1,43.0,338.51
0,3,40,1,1,0,34.0,223.34
0,10,62,1,1,0,35.0,367.29
0,0,19,1,0,1,52.0,314.67
0,6,58,0,0,1,30.0,214.21
0,9,38,1,0,1,47.0,251.59
0,11,19,1,0,0,56.0,436.88
0,11,44,0,0,1,33.0,314.64
0,9,26,0,0,1,47.0,412.0
0,10,18,0,1,0,35.0,121.5
1,4,28,1,0,0,49.0,243.29
1,5,20,1,1,0,19.0,413.46
0,5,40,0,1,0,18.0,179.04
0,5,43,1,0,1,33.0,437.07
0,5,21,1,1,0,27.0,88.83
1,6,35,1,1,1,32.0,411.07
0,3,23,0,0,0,35.0,228.08
0,8,52,1,0,0,47.0,79.5
1,3,39,0,1,1,33.0,401.81
0,5,60,0,0,0,28.0,150.78
1,6,32,1,0,1,34.0,58.9
0,9,39,0,0,1,29.0,104.32
0,8,54,0,1,0,27.0,313.65
0,7,59,0,1,0,19.0,441.12
0,3,29,1,1,0,39.0,94.58
0,6,64,0,0,0,31.0,234.78
0,2,59,1,0,0,50.0,122.25
0,5,55,0,0,1,21.0,348.01
1,6,35,1,1,1,31.0,97.22
0,1,62,1,0,1,60.0,145.94
0,4,52,0,0,1,27.0,128.56
0,12,47,0,0,0,35.0,271.01
0,12,41,0,0,1,23.0,399.27
1,5,59,1,1,1,22.0,254.44
0,1,47,1,1,1,57.0,73.3
1,3,31,0,1,0,40.0,275.36
0,5,23,0,0,0,40.0,369.01
0,11,20,0,1,1,18.0,102.86
0,3,33,1,1,0,42.0,79.08
0,9,24,1,0,1,52.0,125.12
1,3,31,0,1,0,52.0,348.43
0,14,26,0,0,1,46.0,286.67
1,5,32,1,1,1,24.0,266.24
0,9,38,0,1,0,42.0,149.79
0,5,52,0,1,0,46.0,182.89
1,7,19,1,0,1,16.0,436.35
0,4,44,1,0,0,25.0,146.25
0,3,19,1,0,0,49.0,410.66
0,11,52,0,0,0,49.0,282.21
0,11,35,1,1,1,19.0,99.32
0,10,31,1,1,1,48.0,236.92
0,7,37,0,1,0,39.0,429.42
0,9,35,1,0,1,47.0,217.43
1,2,27,1,1,1,30.0,395.35
1,5,42,1,1,1,46.0,152.57
0,5,19,0,1,0,48.0,278.37
0,7,42,0,0,1,34.0,387.54
0,5,50,1,0,0,38.0,418.28
0,3,53,0,0,1,30.0,244.33
0,7,48,0,0,1,58.0,305.88
0,9,31,1,0,1,37.0,51.19
0,5,18,1,1,1,27.0,151.29
0,3,63,1,0,0,29.0,161.48
0,4,33,1,0,0,40.0,87.4
0,4,63,0,0,1,47.0,161.88
0,5,20,0,1,1,22.0,178.45
0,7,52,1,1,0,60.0,437.51
1,7,58,1,1,0,42.0,317.44
1,8,23,1,0,0,44.0,220.4
0,5,42,0,0,0,37.0,445.22
0,9,30,1,1,1,38.0,111.29
0,4,51,0,0,0,36.0,240.42
0,6,25,1,0,1,50.0,308.82
0,9,38,0,0,1,38.0,72.23
0,4,51,0,0,0,47.0,336.8
1,3,21,1,1,0,33.0,89.95
0,10,42,1,0,0,40.0,106.11
1,5,32,0,0,1,28.0,113.88
0,8,21,1,0,1,53.0,421.56
1,1,62,0,0,1,28.0,323.29
0,8,29,1,0,0,34.0,312.17
0,5,49,0,1,1,34.0,272.2
0,2,49,1,0,0,34.0,167.12
0,7,45,0,0,1,47.0,298.36
0,4,30,0,0,0,34.0,214.06
0,5,48,0,0,0,55.0,108.17
0,2,31,0,0,1,28.0,325.84
1,3,37,0,0,1,40.0,101.83
0,5,35,1,1,0,29.0,126.27
0,2,46,0,1,0,43.0,377.08
0,11,23,0,0,0,38.0,314.05
1,0,49,1,0,0,36.0,302.4
0,6,46,0,1,1,52.0,217.28
1,3,60,0,1,0,30.0,208.51
1,5,19,0,0,1,45.0,326.11
0,11,40,1,1,0,29.0,346.0
0,3,36,1,1,1,39.0,254.09
0,12,48,1,1,0,24.0,437.71
0,4,22,1,0,1,30.0,432.28
0,8,36,1,0,1,37.0,214.97
0,6,51,1,0,1,60.0,378.25
0,10,27,1,1,0,39.0,267.31
0,7,42,0,0,0,58.0,254.7
0,6,19,1,0,0,41.0,71.99
1,4,28,1,1,1,33.0,279.59
1,3,48,1,1,0,56.0,410.23
0,11,32,1,1,0,43.0,362.05
0,5,26,0,1,1,30.0,364.53
0,5,40,0,1,1,44.0,113.97
1,9,36,0,0,1,34.0,193.38
0,5,26,1,1,1,14.0,143.28
0,12,52,0,1,1,49.0,176.37
0,8,38,1,0,0,51.0,281.82
0,7,26,1,0,1,60.0,195.91
0,10,45,1,1,0,43.0,274.28
0,1,63,1,0,0,35.0,225.4
0,4,24,1,1,0,48.0,164.65
0,6,33,1,0,0,48.0,88.16
0,4,33,0,0,1,58.0,406.74
0,8,50,1,0,0,37.0,54.55
0,11,21,1,0,1,36.0,50.66
0,6,21,1,1,0,29.0,380.72
0,5,56,0,0,0,44.0,448.72
0,12,57,1,0,0,19.0,340.84
0,6,34,0,0,0,47.0,56.11
0,6,54,0,0,1,45.0,140.68
0,5,56,1,0,1,45.0,438.73
0,11,46,1,1,0,40.0,373.44
0,7,53,1,0,1,56.0,276.72
0,9,55,0,0,0,48.0,144.74
0,9,56,1,0,1,31.0,55.75
0,5,54,1,0,0,31.0,58.34
1,6,52,1,0,1,27.0,294.79
0,10,24,0,0,1,45.0,58.73
0,5,44,1,1,0,26.0,447.45
0,9,45,1,1,1,51.0,123.35
0,11,39,0,1,1,54.0,334.28
0,7,31,0,0,1,27.0,112.02
0,8,24,0,0,1,36.0,266.04
0,9,54,1,0,1,38.0,82.24
0,10,39,0,1,1,49.0,356.71
0,5,22,0,1,0,57.0,283.97
1,2,19,1,0,1,18.0,84.47
0,6,44,0,0,0,34.0,389.43
0,8,38,1,1,1,35.0,268.81
1,6,55,0,1,1,21.0,418.64
0,8,32,1,1,1,32.0,416.65
0,5,38,0,1,0,43.0,418.2
1,7,27,1,1,1,35.0,81.11
0,4,40,0,0,0,19.0,98.38
0,8,56,1,1,0,72.0,445.08
0,6,22,0,1,1,41.0,245.04
0,4,18,0,1,0,39.0,145.29
0,5,30,1,0,1,25.0,357.87
1,8,38,0,0,1,41.0,155.71
0,6,43,0,0,0,36.0,340.89
0,4,62,1,0,0,15.0,384.91
0,12,38,1,1,0,25.0,363.71
0,8,35,0,0,0,48.0,159.62
0,12,54,1,0,0,61.0,210.65
0,6,62,1,1,0,42.0,215.3
0,6,49,1,0,1,51.0,246.51
0,10,53,1,0,0,36.0,116.95
0,6,34,1,0,0,37.0,230.99
0,8,52,1,0,1,51.0,254.31
0,4,28,0,0,1,58.0,262.68
0,6,38,0,1,1,54.0,377.96
0,3,43,1,0,0,25.0,256.93
0,4,21,0,1,0,37.0,142.31
0,0,51,0,0,0,41.0,315.25
0,1,35,0,0,1,35.0,368.93
0,13,57,1,0,0,43.0,177.75
1,4,52,1,0,1,48.0,308.12
0,8,58,0,0,0,50.0,108.78
0,10,46,0,0,0,58.0,186.77
0,7,46,0,0,0,34.0,413.69
0,3,55,0,0,0,22.0,414.52
0,8,59,1,0,0,42.0,280.13
0,7,38,0,0,1,61.0,330.94
0,8,59,1,1,1,32.0,391.61
0,9,30,1,1,0,46.0,433.42
0,13,58,0,0,1,46.0,245.95
1,7,34,1,0,1,40.0,274.63
1,5,26,1,1,0,38.0,216.26
0,7,58,0,0,1,27.0,78.79
1,2,18,1,1,1,11.0,219.12
0,10,19,0,0,0,25.0,366.25
1,3,46,0,1,1,33.0,371.95
0,5,50,0,0,1,51.0,406.95
0,9,27,1,1,1,37.0,70.59
0,7,57,1,0,0,32.0,260.86
0,5,38,1,1,0,27.0,92.97
0,6,45,1,0,0,46.0,130.3
0,10,28,1,0,1,54.0,410.09
0,5,51,0,1,0,51.0,248.72
0,10,25,1,0,0,45.0,353.42
0,2,39,0,1,0,20.0,75.75
0,9,25,1,0,0,34.0,216.73
0,10,32,0,1,1,61.0,319.7
0,4,34,0,0,1,51.0,103.36
0,6,40,1,1,1,20.0,180.33
1,3,41,1,1,1,37.0,75.82
0,8,62,0,0,0,42.0,310.54
0,6,36,0,1,0,29.0,438.36
0,7,22,0,1,0,10.0,380.82
0,4,49,1,0,1,39.0,439.85
1,4,61,1,0,1,29.0,388.24
1,1,18,0,0,1,29.0,392.08
0,5,40,0,1,1,34.0,280.87
0,7,54,1,0,1,36.0,257.3
0,10,25,0,0,0,38.0,212.5
0,8,30,1,0,1,27.0,377.24
0,6,25,1,0,0,35.0,122.83
0,12,40,1,1,1,17.0,72.49
0,8,60,1,1,0,42.0,429.16
0,11,18,0,0,0,5.0,51.51
0,6,62,1,0,1,35.0,440.73
0,4,41,1,1,0,49.0,341.54
1,2,52,0,0,0,25.0,181.4
0,8,41,0,0,0,47.0,329.13
0,3,34,0,0,1,52.0,377.15
1,5,22,0,0,1,5.0,148.14
0,6,37,1,0,0,36.0,358.36
1,7,38,0,1,0,5.0,371.75
0,7,57,0,0,1,37.0,149.74
0,3,48,0,1,1,38.0,66.77
0,5,63,1,0,0,8.0,131.65
0,7,53,1,0,1,61.0,130.26
0,12,28,0,1,0,41.0,76.1
1,8,32,1,0,0,28.0,340.4
0,11,36,0,0,0,56.0,201.99
0,9,24,0,0,1,16.0,403.75
0,7,45,0,0,1,23.0,150.87
0,4,60,0,1,1,10.0,231.29
0,8,22,0,0,0,60.0,305.61
0,7,22,1,1,0,42.0,400.99
0,7,47,0,0,0,46.0,259.85
0,6,49,0,0,0,42.0,199.41
1,6,25,1,1,1,45.0,396.81
0,5,27,1,1,1,39.0,174.1
1,6,55,1,0,0,41.0,81.77
0,4,64,0,0,1,39.0,228.02
1,9,49,1,0,1,31.0,364.04
0,4,45,0,1,1,37.0,62.31
1,2,34,1,1,1,41.0,284.35
0,6,48,1,1,1,39.0,287.79
0,8,25,0,0,0,20.0,421.42
0,6,57,1,1,0,22.0,164.59
0,4,42,0,0,0,51.0,161.53
0,7,26,0,0,0,34.0,226.19
0,5,19,0,0,0,45.0,192.77
0,11,32,1,1,0,25.0,344.54
1,11,20,0,1,1,20.0,306.7
0,6,53,0,0,0,28.0,353.57
1,5,21,0,1,1,35.0,378.02
1,8,31,1,1,1,30.0,419.19
0,1,58,0,0,1,54.0,222.37
0,6,58,0,0,1,40.0,443.88
0,5,42,0,1,1,60.0,136.26
0,11,27,1,1,1,43.0,335.75
0,0,38,1,0,1,9.0,263.6
0,7,53,1,0,0,51.0,376.76
0,8,29,1,0,0,20.0,240.71
0,6,44,1,0,0,41.0,363.58
1,2,57,1,1,1,29.0,422.07
0,13,19,0,0,1,64.0,342.92
0,6,30,1,1,0,55.0,360.44
0,7,49,0,0,1,29.0,76.87
0,4,48,1,0,0,36.0,131.98
1,6,33,1,0,0,41.0,439.72
0,6,49,1,1,0,48.0,327.27
1,2,49,1,0,0,38.0,274.58
1,3,51,0,0,1,26.0,196.79
0,10,28,0,0,1,29.0,67.76
0,4,27,1,0,0,38.0,197.65
0,4,32,1,0,1,53.0,249.57
0,6,34,1,0,1,43.0,134.58
1,9,57,0,0,1,29.0,119.25
0,2,35,0,0,1,46.0,253.37
0,7,26,0,0,1,33.0,284.36
1,3,42,0,0,1,49.0,145.97
0,1,57,0,0,0,68.0,284.96
1,2,31,1,0,0,34.0,410.14
0,10,42,1,0,0,48.0,239.27
1,3,39,0,1,0,29.0,392.96
0,1,47,0,0,1,37.0,420.91
0,6,37,0,0,1,38.0,86.96
0,10,38,0,0,1,36.0,88.32
1,4,61,1,1,0,68.0,240.42
1,6,49,0,1,0,34.0,285.24
0,1,63,0,1,1,45.0,220.35
1,6,38,1,0,1,15.0,180.58
0,7,52,0,0,0,43.0,306.4
0,7,49,0,1,0,52.0,50.83
0,5,47,1,1,0,32.0,437.23
0,5,56,1,0,1,8.0,142.83
0,3,29,1,1,1,38.0,416.84
0,5,58,0,1,0,38.0,93.61
0,2,64,1,0,0,47.0,145.23
0,9,35,0,0,0,62.0,143.95
0,12,38,0,0,0,33.0,448.46
0,13,30,1,0,0,28.0,51.84
1,10,38,0,1,0,24.0,305.86
0,7,25,0,0,1,40.0,397.87
0,8,63,1,1,1,44.0,318.91
0,5,57,1,1,0,31.0,195.09
0,7,63,0,0,1,47.0,433.32
0,6,24,0,0,0,44.0,407.41
0,6,40,1,1,0,39.0,223.58
0,9,61,1,1,0,27.0,279.33
1,5,49,1,1,1,32.0,437.01
0,5,28,0,0,1,9.0,443.02
0,11,39,1,0,0,41.0,229.93
0,2,39,1,0,0,38.0,388.94
0,6,60,0,1,0,40.0,170.79
0,11,42,1,0,1,44.0,198.73
0,7,39,0,1,1,43.0,115.93
0,6,45,1,0,0,37.0,133.67
0,4,46,0,1,0,39.0,312.75
0,5,30,1,1,0,21.0,254.31
0,10,35,0,0,1,31.0,142.45
0,7,19,0,0,1,39.0,211.16
0,6,46,1,0,1,29.0,199.27
0,2,38,1,0,0,48.0,444.94
1,0,32,1,0,0,30.0,391.43
0,12,44,1,0,1,41.0,205.19
0,5,48,0,0,1,39.0,415.57
0,7,32,0,1,0,47.0,187.05
0,2,40,1,0,1,49.0,317.16
0,8,41,0,0,0,46.0,436.66
0,11,61,0,1,0,13.0,206.11
0,7,30,0,0,1,52.0,321.95
1,3,39,1,1,1,56.0,168.37
0,7,60,1,1,0,32.0,156.52
0,9,54,1,0,1,41.0,279.66
0,6,50,0,0,1,27.0,441.71
0,10,20,1,1,0,15.0,231.25
0,7,36,1,0,0,29.0,425.05
0,10,40,1,0,0,32.0,415.75
0,7,46,0,0,1,34.0,151.51
0,3,47,1,0,1,26.0,210.73
0,5,56,1,0,1,29.0,307.32
0,4,61,1,0,1,38.0,257.22
1,11,64,1,0,0,29.0,88.38
1,9,42,0,1,1,45.0,447.48
0,8,54,1,0,0,46.0,351.06
0,5,64,1,0,1,67.0,225.08
0,4,25,0,0,1,52.0,297.27
0,9,59,1,0,0,41.0,85.03
1,6,33,1,0,1,31.0,248.12
0,4,25,0,0,1,42.0,422.33
0,7,18,1,0,1,42.0,408.64
1,1,61,1,0,1,32.0,184.95
1,5,22,1,0,1,47.0,262.55
1,6,20,1,0,1,21.0,328.95
1,3,18,0,0,0,35.0,186.0
0,14,21,0,0,0,45.0,75.95
0,4,57,0,1,0,35.0,252.18
1,3,52,1,1,1,36.0,290.65
0,4,49,1,0,0,36.0,52.34
0,9,59,0,0,1,28.0,88.23
0,6,51,0,0,0,52.0,132.92
0,7,60,1,1,0,26.0,189.22
0,1,42,1,0,1,42.0,266.42
0,1,27,1,1,0,43.0,167.54
0,6,38,1,1,0,27.0,160.47
0,9,63,1,1,0,39.0,397.74
0,10,56,1,0,1,27.0,108.02
0,2,44,0,0,0,55.0,248.18
0,6,44,0,0,0,24.0,431.13
0,11,19,1,0,1,30.0,300.01
0,5,58,1,0,0,23.0,336.88
0,9,30,0,1,1,22.0,222.49
1,3,26,1,0,1,57.0,57.97
1,11,53,0,0,0,45.0,308.45
1,9,39,1,0,0,40.0,302.77
0,11,59,0,1,0,30.0,94.17
1,8,43,1,1,0,49.0,234.86
0,5,29,1,0,1,28.0,416.13
0,11,34,1,0,1,48.0,132.03
1,4,31,1,0,0,28.0,234.44
1,5,31,1,0,1,30.0,234.44
0,8,51,0,0,0,47.0,374.3
0,9,37,1,1,0,48.0,379.83
0,11,28,1,0,1,45.0,353.71
0,4,33,0,0,1,25.0,196.18
0,9,48,0,0,0,33.0,78.81
0,8,23,0,1,0,40.0,189.79
0,2,36,0,0,0,28.0,321.92
0,5,54,1,0,0,54.0,331.1
1,5,21,0,1,1,9.0,436.0
1,5,64,0,0,1,29.0,231.46
0,14,21,0,1,1,32.0,302.97
1,7,37,1,0,1,5.0,265.68
0,8,27,1,1,1,21.0,110.25
0,13,41,1,0,1,46.0,234.48
0,5,52,1,0,1,38.0,267.93
0,9,43,0,1,1,57.0,430.3
1,6,54,1,0,1,57.0,196.62
0,10,55,1,0,0,43.0,442.04
0,4,38,0,0,0,42.0,266.92
0,11,57,0,0,1,39.0,146.99
0,4,56,1,0,0,6.0,126.67
1,5,38,0,1,1,21.0,106.68
0,9,27,1,1,0,39.0,231.17
0,5,55,0,0,1,45.0,58.77
0,7,63,0,0,0,41.0,228.02
0,6,21,0,0,1,27.0,445.36
0,8,62,0,1,0,49.0,318.04
1,4,37,0,0,1,56.0,353.91
0,2,34,1,0,0,49.0,97.6
1,5,24,1,0,1,50.0,239.24
0,6,21,0,0,1,31.0,164.49
0,3,46,1,0,0,51.0,407.64
0,5,31,1,0,1,40.0,122.52
0,5,20,0,1,0,44.0,233.49
0,2,41,0,0,1,42.0,285.22
0,7,54,1,0,1,37.0,255.62
0,10,33,1,0,0,28.0,382.1
1,3,21,1,0,1,37.0,142.58
1,7,41,1,0,1,50.0,200.96
1,8,51,1,0,0,33.0,366.83
0,6,47,0,1,0,49.0,261.23
0,8,35,1,0,0,47.0,210.85
0,6,36,1,0,1,34.0,61.78
0,6,48,1,0,1,55.0,351.35
1,0,36,0,1,1,34.0,438.87
0,8,63,1,1,1,56.0,298.11
1,8,36,1,1,0,43.0,392.62
1,1,39,1,0,1,38.0,256.75
0,5,41,0,1,1,27.0,142.67
0,13,62,0,0,1,37.0,55.78
0,6,29,1,0,0,36.0,311.36
0,6,47,1,1,0,23.0,247.24
0,11,55,1,1,0,35.0,362.84
0,8,48,0,0,1,28.0,327.87
0,7,53,1,0,0,45.0,445.18
0,9,36,1,0,0,54.0,254.13
0,10,62,1,0,1,23.0,220.87
1,6,53,1,0,1,59.0,164.7
0,6,47,1,1,1,36.0,240.74
0,5,50,0,1,1,26.0,399.15
0,12,35,1,1,0,47.0,66.98
1,8,45,1,1,1,33.0,441.16
0,2,64,1,0,1,37.0,447.32
0,10,28,0,1,0,33.0,289.13
0,6,62,0,0,0,28.0,182.62
0,2,50,1,0,0,47.0,139.22
0,6,34,1,0,1,35.0,160.6
0,6,23,1,0,1,21.0,70.04
1,10,21,1,1,1,45.0,240.04
1,4,37,1,1,1,24.0,72.93
1,9,64,0,0,1,24.0,337.39
0,7,44,0,1,0,52.0,198.77
1,2,32,0,0,1,24.0,129.75
1,13,23,1,1,1,10.0,267.94
0,6,64,0,0,1,45.0,439.5
0,5,31,0,0,0,34.0,328.05
0,6,28,1,0,0,35.0,246.7
0,10,56,1,0,0,34.0,360.77
0,5,26,1,0,1,41.0,344.99
1,4,43,1,1,1,29.0,406.69
0,3,33,1,0,1,56.0,131.87
1,5,22,0,1,1,20.0,393.55
0,9,27,1,1,0,43.0,170.41
0,6,20,0,0,0,46.0,426.4
0,4,30,1,0,0,29.0,162.43
0,3,60,0,1,0,26.0,420.74
0,5,47,1,0,0,50.0,435.52
1,11,62,0,1,1,26.0,108.2
0,5,23,1,0,0,31.0,439.8
0,15,34,1,0,1,49.0,84.29
0,6,62,0,1,0,38.0,137.43
1,3,36,1,0,1,16.0,227.67
0,10,59,0,0,1,59.0,447.44
0,6,52,0,0,0,32.0,245.43
1,8,63,1,1,1,33.0,270.16
0,14,43,1,1,1,41.0,327.77
1,2,22,0,0,1,46.0,437.32
0,2,46,1,0,1,62.0,363.34
0,8,54,0,0,0,18.0,139.66
0,5,37,0,0,0,48.0,171.2
1,4,38,1,0,1,47.0,89.05
1,1,27,1,1,1,36.0,307.78
0,1,22,0,0,0,47.0,122.3
0,9,53,1,0,1,49.0,152.96
1,3,23,1,1,1,21.0,405.25
0,6,43,1,0,1,59.0,180.7
0,7,21,1,0,0,19.0,276.66
0,6,56,1,0,1,24.0,209.03
0,1,56,1,0,1,35.0,79.61
0,9,52,0,1,1,61.0,195.15
0,0,18,1,0,1,34.0,213.23
0,9,41,1,0,0,38.0,408.28
0,10,53,0,0,1,55.0,179.78
1,6,23,0,1,1,34.0,201.7
0,6,58,0,0,1,24.0,363.16
0,6,63,1,0,1,33.0,353.58
0,5,61,0,1,0,54.0,369.31
0,10,48,1,0,0,39.0,431.51
0,10,37,1,1,1,61.0,368.22
0,5,41,1,0,1,47.0,213.04
0,7,42,1,1,1,30.0,378.6
0,11,53,0,0,0,39.0,253.47
0,12,38,1,0,0,28.0,161.09
0,6,47,0,1,1,30.0,171.17
0,6,41,0,0,0,80.0,139.54
0,4,61,0,0,0,50.0,108.0
0,12,59,1,0,0,48.0,123.8
1,3,47,0,0,1,31.0,75.27
0,7,39,1,1,1,57.0,405.38
0,5,45,1,0,1,51.0,422.4
0,4,24,0,1,0,61.0,284.71
0,6,52,1,0,0,60.0,386.2
0,18,45,1,0,0,20.0,123.43
1,2,31,0,0,1,25.0,410.67
1,7,27,1,1,1,26.0,252.54
1,2,33,0,1,1,27.0,76.87
1,3,33,1,0,0,42.0,106.53
0,6,48,1,1,1,31.0,173.59
0,6,59,1,0,1,63.0,67.42
0,4,42,1,0,0,61.0,173.72
1,5,30,1,1,1,38.0,73.97
0,2,23,0,1,1,61.0,144.41
0,5,61,0,1,1,56.0,156.27
0,12,26,0,0,0,33.0,447.75
0,11,62,1,0,0,14.0,144.22
0,5,53,1,0,0,35.0,145.67
0,7,60,0,0,1,30.0,324.72
0,11,37,0,1,0,40.0,393.74
1,0,35,1,0,0,39.0,204.82
0,9,60,0,1,0,39.0,400.25
0,11,38,0,0,0,44.0,186.06
1,2,21,1,0,1,23.0,128.81
1,3,50,0,1,1,43.0,181.86
1,12,44,1,0,1,33.0,293.74
0,6,24,0,1,0,40.0,196.86
0,0,23,0,0,0,49.0,319.16
0,4,32,0,1,0,23.0,144.77
0,6,35,1,0,1,35.0,330.4
0,8,49,1,0,1,37.0,188.98
1,8,28,0,1,1,32.0,232.35
0,17,37,1,1,0,49.0,273.1
1,5,41,1,0,1,29.0,324.49
0,6,32,0,0,0,31.0,145.49
1,6,24,1,0,1,29.0,384.38
0,6,38,1,0,1,51.0,338.74
0,3,59,1,1,0,32.0,143.64
1,13,43,1,1,1,44.0,439.99
0,10,61,0,0,1,62.0,315.92
0,6,31,0,0,1,37.0,230.97
1,7,54,1,1,1,51.0,113.01
0,4,38,0,0,0,58.0,263.29
0,6,35,0,0,0,50.0,115.91
1,8,22,0,0,1,38.0,221.8
1,6,20,1,0,0,46.0,213.49
0,16,40,0,0,1,23.0,337.98
0,7,43,1,1,0,29.0,126.95
0,5,54,0,0,0,31.0,378.75
0,9,41,0,0,0,65.0,180.45
0,3,36,1,1,1,28.0,227.6
1,5,42,0,0,1,28.0,358.94
0,5,38,1,0,1,25.0,300.16
0,6,29,0,0,0,45.0,173.21
0,9,58,1,0,0,40.0,204.48
1,6,50,0,1,1,51.0,172.31
0,9,21,1,1,0,46.0,287.91
1,7,59,1,0,1,21.0,183.05
0,5,24,1,1,1,28.0,340.28
1,9,39,1,0,1,54.0,281.91
0,4,50,1,1,1,36.0,108.28
1,4,34,0,0,1,52.0,174.11
1,6,41,1,0,1,36.0,138.58
1,4,51,1,0,1,26.0,206.13
1,0,45,1,0,1,34.0,256.39
0,7,60,0,0,0,26.0,252.71
0,6,58,0,0,1,31.0,351.81
0,6,56,0,1,0,40.0,125.67
0,12,39,0,0,1,44.0,428.59
0,7,34,1,1,1,19.0,187.14
0,10,51,1,0,0,38.0,170.1
1,3,23,1,1,1,31.0,324.07
1,7,63,0,1,1,30.0,372.21
0,10,23,0,1,0,40.0,201.39
0,7,51,1,1,0,31.0,348.74
1,8,18,1,1,1,55.0,403.49
0,5,27,1,0,1,52.0,356.72
0,2,38,1,0,0,52.0,63.68
0,6,22,0,0,0,32.0,380.95
0,5,19,1,0,1,26.0,359.79
0,10,39,0,0,1,39.0,317.72
1,4,19,1,1,1,36.0,354.01
1,12,27,0,0,1,31.0,441.77
0,12,51,0,0,1,24.0,222.45
0,4,33,0,0,1,38.0,76.89
1,5,56,0,1,1,33.0,234.36
1,10,39,0,0,1,46.0,68.57
0,12,29,0,0,0,46.0,167.7
0,6,41,0,0,1,51.0,284.75
1,5,64,0,1,1,23.0,173.85
0,6,57,0,1,1,43.0,324.16
0,8,55,0,1,0,29.0,378.79
1,4,27,0,1,0,23.0,218.18
0,8,52,0,0,0,33.0,410.06
0,2,49,1,1,1,51.0,81.94
0,1,24,1,0,0,34.0,386.05
1,5,38,1,0,1,57.0,381.43
0,5,37,0,0,1,45.0,178.8
0,5,43,0,0,0,33.0,169.49
0,6,21,1,1,0,52.0,172.04
0,5,63,0,0,0,43.0,374.56
0,4,39,0,1,0,27.0,382.66
0,5,32,1,0,0,60.0,181.89
0,13,57,0,0,1,41.0,287.04
0,6,38,0,0,1,38.0,105.57
0,6,32,1,1,1,28.0,237.51
0,7,39,0,1,0,52.0,449.52
0,14,45,0,0,1,44.0,113.54
0,4,31,1,0,0,46.0,429.03
0,8,44,1,0,1,32.0,379.7
0,8,58,0,1,1,48.0,438.89
0,7,57,1,1,1,49.0,121.83
1,2,45,1,0,1,30.0,135.41
0,8,43,1,1,0,21.0,56.75
0,2,19,0,0,1,45.0,339.88
0,7,42,0,0,1,19.0,307.64
0,8,20,0,1,1,40.0,121.23
1,4,25,1,0,1,33.0,366.46
0,10,61,0,0,1,53.0,169.68
0,1,50,1,0,1,33.0,104.0
0,10,59,1,0,0,51.0,219.03
1,6,52,1,1,1,32.0,86.39
1,4,23,1,0,1,50.0,155.3
0,3,56,0,1,0,63.0,198.53
0,12,40,0,0,1,25.0,390.75
0,2,42,1,0,1,42.0,367.02
0,4,60,0,0,0,71.0,227.1
0,5,36,0,0,1,39.0,339.83
0,7,22,0,1,0,39.0,277.46
0,6,28,1,1,1,47.0,186.34
0,3,29,0,0,0,38.0,340.35
1,5,27,1,1,0,18.0,323.4
0,4,25,0,1,1,52.0,297.64
0,4,41,1,0,1,14.0,297.18
1,6,45,0,1,1,33.0,323.19
0,8,58,1,0,1,52.0,203.82
0,4,53,1,0,0,34.0,397.63
1,5,54,0,0,0,30.0,114.92
0,5,38,0,0,1,49.0,403.55
0,13,25,0,0,0,28.0,186.91
0,12,26,0,0,1,23.0,100.01
0,9,64,1,0,0,41.0,290.01
0,4,32,0,1,0,36.0,200.39
0,2,63,1,1,0,23.0,376.2
1,5,57,1,1,1,46.0,222.31
0,4,35,0,0,0,44.0,317.43
1,6,59,0,0,1,34.0,173.3
0,9,37,0,0,0,35.0,133.78
0,10,23,0,0,1,44.0,205.22
0,10,29,0,0,1,52.0,292.72
1,5,19,1,0,0,35.0,312.78
0,8,24,1,1,0,46.0,281.28
0,5,33,0,1,1,45.0,445.22
1,2,20,1,0,0,49.0,326.44
0,8,62,1,0,1,38.0,422.61
1,0,20,1,1,0,27.0,97.17
0,6,44,0,0,0,32.0,74.55
0,5,60,1,0,1,42.0,174.4
0,8,57,0,0,0,60.0,104.64
0,9,55,0,0,1,32.0,260.35
0,5,50,1,0,1,48.0,257.59
0,9,45,0,1,0,34.0,280.02
0,5,18,0,1,0,39.0,348.09
0,6,25,0,0,0,56.0,438.53
0,8,54,0,0,0,47.0,401.3
0,8,49,1,1,0,23.0,97.35
0,15,60,0,0,1,31.0,185.41
0,4,54,1,0,0,53.0,152.33
0,8,21,0,0,1,40.0,120.73
0,7,47,0,0,0,24.0,267.89
0,11,23,0,1,0,28.0,271.31
0,3,63,1,1,0,46.0,140.9
1,9,36,1,0,1,50.0,334.76
0,7,49,1,0,0,38.0,343.17
0,4,26,1,0,0,68.0,58.39
0,6,29,1,0,0,48.0,208.3
0,5,28,0,1,1,35.0,406.06
0,7,63,1,1,0,28.0,258.13
0,10,33,0,0,0,26.0,189.05
0,7,18,1,1,0,42.0,151.47
0,7,62,0,1,0,32.0,147.34
1,6,38,0,1,1,58.0,89.91
0,2,47,0,0,1,56.0,376.89
0,4,30,0,0,1,46.0,84.66
0,6,51,1,1,1,24.0,166.92
0,5,21,0,0,0,30.0,68.27
1,4,45,1,1,1,53.0,362.55
0,6,55,1,1,1,31.0,65.71
0,5,48,0,1,1,51.0,173.32
0,4,44,1,0,0,44.0,279.32
1,6,22,0,1,1,39.0,213.82
1,3,42,1,0,1,30.0,162.91
1,11,20,1,1,1,37.0,160.08
0,10,50,1,0,1,40.0,369.12
0,8,21,1,0,0,50.0,439.59
0,3,42,1,1,1,27.0,189.22
0,9,37,1,0,0,35.0,65.66
0,9,51,1,0,0,39.0,64.63
0,9,43,0,1,0,46.0,353.69
1,3,22,1,0,0,27.0,270.95
0,7,52,0,0,0,22.0,363.44
0,10,45,1,0,1,46.0,329.0
0,7,46,0,1,0,20.0,413.0
0,7,26,1,1,1,53.0,404.33
0,6,55,1,0,1,36.0,365.33
1,6,23,0,0,0,19.0,240.08
0,1,36,1,0,1,32.0,173.25
0,7,61,0,0,0,43.0,252.81
1,2,28,1,0,0,32.0,250.83
0,6,19,0,0,1,38.0,294.11
0,5,64,1,0,0,47.0,124.44
0,6,61,1,0,1,36.0,312.25
0,3,61,0,1,1,27.0,232.64
0,8,26,1,0,0,34.0,298.08
0,9,38,0,0,1,55.0,145.84
0,3,41,1,0,0,58.0,223.76
0,3,51,0,0,0,14.0,134.08
1,3,39,1,1,1,51.0,400.12
0,10,20,0,1,0,41.0,245.18
0,6,29,0,0,0,49.0,139.99
0,6,45,1,0,1,31.0,66.48
0,3,47,1,0,1,17.0,320.3
0,7,43,1,0,0,45.0,135.86
1,10,38,0,1,1,27.0,445.83
1,9,45,1,0,0,21.0,263.48
0,7,43,1,0,1,22.0,165.59
0,2,50,1,0,0,45.0,313.07
0,3,38,1,0,0,40.0,160.09
1,1,52,0,1,1,47.0,378.11
0,4,51,0,1,0,46.0,173.29
0,3,58,0,1,0,33.0,445.3
0,4,64,0,0,0,37.0,292.06
0,5,35,0,0,0,32.0,387.76
0,11,28,1,0,0,35.0,79.13
0,7,40,1,1,0,26.0,189.32
0,10,39,0,0,0,43.0,344.99
0,8,34,0,0,0,51.0,312.02
0,3,22,0,1,1,28.0,127.7
0,8,61,1,0,0,53.0,192.48
1,4,28,1,1,1,39.0,155.38
0,7,47,1,0,1,41.0,295.35
1,5,32,0,1,1,18.0,187.83
0,17,44,0,0,1,16.0,173.62
0,4,52,0,1,1,40.0,132.95
1,4,50,1,1,1,47.0,213.61
0,11,37,1,0,1,30.0,128.2
0,1,33,1,1,0,58.0,435.03
0,8,51,1,1,1,47.0,111.8
1,8,19,1,0,1,27.0,415.32
0,10,52,1,0,1,38.0,221.39
0,13,57,1,0,1,68.0,201.15
1,13,45,0,1,1,23.0,142.53
1,2,64,0,1,0,44.0,304.3
1,9,56,1,0,0,34.0,324.21
0,7,23,0,0,0,46.0,237.03
0,7,26,1,0,0,53.0,72.28
0,3,37,0,0,1,33.0,417.4
0,8,18,0,0,1,51.0,442.13
0,14,25,0,0,1,65.0,222.42
0,11,40,0,0,0,39.0,295.46
0,6,20,1,0,1,47.0,230.12
1,1,21,1,1,0,31.0,178.75
1,5,42,1,1,1,38.0,80.93
0,9,64,1,1,1,36.0,232.43
0,8,55,0,1,0,48.0,377.35
0,6,32,1,0,0,52.0,56.81
1,2,38,1,0,0,37.0,282.84
0,6,52,1,0,0,56.0,402.31
0,6,63,0,1,0,56.0,137.02
0,11,31,1,1,0,48.0,123.3
1,7,53,0,1,0,32.0,358.91
1,5,29,1,1,1,31.0,152.03
0,6,34,1,0,0,28.0,126.79
0,2,56,1,0,0,49.0,201.2
1,13,26,0,0,1,23.0,207.0
0,5,52,0,0,0,46.0,399.64
0,6,30,0,0,0,25.0,297.38
0,5,32,1,1,1,48.0,212.38
1,8,35,1,0,1,38.0,263.76
0,8,50,0,0,1,54.0,431.59
0,8,23,1,0,0,52.0,95.29
0,4,44,0,0,0,55.0,133.09
0,5,40,0,0,1,56.0,435.01
0,3,44,1,0,0,40.0,432.93
0,8,51,0,0,1,24.0,120.87
1,1,63,1,1,0,25.0,108.04
0,7,55,1,0,1,13.0,218.43
1,10,31,1,0,1,25.0,69.89
0,10,53,0,1,0,39.0,311.96
0,6,25,1,1,1,31.0,81.0
0,6,52,0,1,1,36.0,73.21
0,2,36,0,0,1,44.0,244.07
0,8,47,0,0,1,34.0,433.11
0,9,31,0,0,1,25.0,220.72
0,4,37,1,0,0,37.0,192.59
0,6,42,1,1,0,27.0,449.18
0,10,57,1,1,0,35.0,262.79
0,10,41,0,0,0,54.0,200.1
0,4,31,0,0,1,35.0,204.34
0,7,43,0,0,1,59.0,127.98
0,4,55,0,0,1,55.0,254.89
0,3,40,0,1,0,31.0,225.54
0,11,39,1,1,0,25.0,158.32
1,9,36,0,1,1,37.0,114.22
0,9,63,0,0,1,52.0,174.5
0,1,20,1,0,1,32.0,253.47
0,10,59,0,0,0,49.0,73.33
0,6,36,1,0,0,53.0,111.5
1,5,26,0,1,1,29.0,429.06
0,6,45,0,0,0,30.0,267.14
0,2,37,0,1,1,47.0,75.38
0,9,62,1,0,0,40.0,327.24
0,7,24,0,0,0,30.0,74.72
0,4,31,0,0,0,34.0,345.55
0,4,26,1,0,1,37.0,349.99
1,4,36,0,1,1,19.0,310.43
1,2,64,0,0,1,47.0,342.88
0,7,31,0,1,1,32.0,85.19
0,10,55,1,1,0,5.0,340.71
0,0,53,1,0,0,38.0,104.68
0,1,57,0,1,1,29.0,185.8
0,7,34,1,0,1,58.0,427.1
1,9,47,1,1,1,31.0,251.15
0,5,26,0,1,0,25.0,436.97
0,5,50,0,1,0,44.0,85.57
0,7,42,0,0,1,30.0,241.02
0,4,31,1,0,1,29.0,74.96
0,1,28,1,0,0,44.0,302.08
0,8,52,1,0,0,26.0,81.48
1,7,58,1,1,1,21.0,120.15
0,7,31,0,1,0,59.0,153.53
0,8,47,0,0,0,45.0,349.5
0,8,58,1,0,0,35.0,115.58
1,4,21,1,0,0,38.0,388.65
1,5,21,1,0,1,44.0,102.76
0,3,45,1,0,0,50.0,64.1
0,3,25,1,0,1,29.0,208.02
0,8,19,0,1,1,42.0,441.78
0,10,58,0,0,1,32.0,94.14
0,12,63,0,0,1,36.0,90.69
1,7,39,1,1,1,40.0,350.47
1,4,58,0,0,0,38.0,174.86
1,3,33,0,0,0,47.0,336.91
1,9,46,0,1,0,44.0,130.0
1,7,47,1,1,1,20.0,234.03
0,7,29,0,0,1,22.0,156.12
0,9,52,0,0,0,34.0,230.61
0,8,28,0,1,1,60.0,357.64
0,10,63,1,1,0,28.0,354.8
0,2,38,1,0,1,36.0,256.31
0,8,38,1,0,0,32.0,421.35
1,10,22,1,0,1,31.0,155.51
0,5,37,0,0,0,40.0,146.12
0,7,54,1,0,0,55.0,295.52
0,5,20,1,0,0,43.0,298.52
0,12,61,1,0,0,28.0,68.62
1,1,50,1,1,1,71.0,293.11
1,7,26,1,0,0,39.0,199.77
1,3,26,0,1,1,31.0,348.98
0,8,21,0,1,0,55.0,373.24
1,3,52,1,0,1,32.0,270.86
0,4,34,1,1,0,58.0,50.68
0,6,51,1,1,0,28.0,304.55
0,11,41,1,0,1,55.0,349.55
1,4,49,0,0,1,40.0,149.59
0,3,18,0,0,1,53.0,235.86
0,9,25,0,1,0,61.0,436.29
0,6,62,0,0,1,24.0,169.25
0,11,40,1,0,0,53.0,139.26
0,3,64,0,1,0,21.0,134.34
0,7,57,0,0,0,25.0,273.52
0,4,29,0,0,0,28.0,429.91
1,3,29,1,1,1,44.0,293.48
0,8,63,0,0,0,38.0,171.33
0,7,64,0,1,0,36.0,305.43
0,9,32,0,1,0,40.0,299.94
0,5,58,1,0,0,45.0,288.77
0,6,36,0,0,0,46.0,113.77
0,6,43,0,1,1,51.0,303.83
0,14,46,0,1,0,60.0,222.07
0,5,39,0,0,0,38.0,57.44
0,5,57,0,0,0,32.0,265.91
0,5,38,1,0,0,45.0,445.71
0,7,55,0,1,1,24.0,189.9
0,4,37,1,1,0,30.0,436.22
0,11,46,0,0,0,50.0,88.48
1,4,21,1,1,1,37.0,342.98
0,10,24,1,0,0,24.0,95.73
0,3,45,0,1,1,20.0,159.43
0,8,45,0,0,0,39.0,278.34
0,11,21,0,0,1,52.0,287.11
0,3,39,0,0,0,52.0,360.08
0,12,29,0,0,1,39.0,296.12
0,6,62,1,1,1,62.0,287.45
0,11,20,1,0,1,37.0,414.94
0,8,39,1,0,1,36.0,230.86
0,5,61,1,0,0,7.0,140.11
0,4,19,0,0,1,33.0,114.72
0,5,41,0,1,0,48.0,210.0
0,2,51,0,1,0,57.0,335.1
0,3,44,1,0,0,28.0,67.02
0,3,58,1,0,0,44.0,101.62
0,6,18,0,0,1,51.0,92.45
0,9,25,0,1,1,38.0,284.1
1,3,40,1,1,1,11.0,147.15
0,3,55,0,1,1,41.0,116.5
0,7,23,0,1,0,47.0,287.11
1,4,39,1,1,1,27.0,354.52
0,2,42,0,1,0,35.0,182.86
1,3,35,1,0,1,24.0,281.28
0,11,34,0,0,0,7.0,89.25
1,9,29,1,0,1,50.0,424.08
0,5,23,1,0,1,38.0,184.76
0,8,43,0,0,0,57.0,449.0
0,6,44,1,0,1,48.0,441.44
0,8,25,0,0,0,34.0,361.53
0,8,36,1,0,0,37.0,58.03
0,7,59,1,0,1,45.0,267.39
0,4,18,1,0,0,50.0,84.73
1,1,46,1,1,1,42.0,408.06
0,6,62,0,1,0,51.0,365.85
0,10,52,1,1,1,34.0,438.94
0,7,57,0,0,0,26.0,293.35
0,10,31,0,0,1,37.0,258.87
0,16,52,0,0,1,40.0,257.59
1,3,62,1,1,0,24.0,204.58
0,8,37,0,0,1,22.0,237.48
1,8,30,1,0,1,43.0,304.17
0,13,55,1,1,0,33.0,423.18
0,15,63,1,0,0,36.0,288.35
0,8,25,1,0,1,34.0,392.85
0,4,60,1,0,1,56.0,395.11
0,9,37,0,0,1,53.0,257.53
0,3,50,1,0,1,23.0,188.99
0,9,43,1,0,1,32.0,305.83
0,11,56,0,1,1,48.0,228.35
1,5,38,1,1,0,45.0,82.58
0,7,59,1,0,0,38.0,201.12
0,6,60,1,1,1,24.0,447.63
0,6,58,0,0,1,30.0,69.4
0,5,26,1,0,0,32.0,328.67
0,9,41,1,0,1,41.0,386.48
0,11,54,1,0,0,58.0,309.49
0,11,58,0,0,0,30.0,277.9
1,3,34,0,0,0,26.0,333.02
0,10,41,0,1,1,37.0,221.74
0,8,38,1,0,0,50.0,86.54
0,4,56,1,0,0,21.0,434.95
0,2,58,1,1,0,55.0,222.92
1,4,56,1,0,0,36.0,316.16
0,11,30,1,0,1,29.0,262.52
1,7,28,1,1,1,19.0,71.87
0,8,63,0,0,0,46.0,431.1
0,4,36,0,0,0,36.0,367.01
1,8,28,1,0,0,40.0,109.64
1,1,30,0,0,0,27.0,442.66
0,5,63,1,0,1,34.0,344.76
0,7,62,1,0,1,32.0,238.93
0,3,18,0,1,0,37.0,294.55
0,9,57,1,1,1,30.0,92.69
0,4,61,1,0,0,20.0,274.16
0,8,36,1,1,1,71.0,79.46
0,6,29,0,1,0,22.0,267.94
0,7,25,0,0,0,40.0,271.08
0,3,25,1,0,1,17.0,399.78
1,0,62,0,0,1,14.0,340.02
0,11,29,0,1,0,39.0,149.82
0,4,50,0,0,0,40.0,405.37
0,9,62,0,1,0,53.0,279.3
0,18,43,1,0,1,43.0,292.55
0,4,56,1,0,1,36.0,117.59
0,4,45,0,0,1,27.0,393.11
0,8,22,0,0,1,56.0,422.39
0,12,25,0,1,0,49.0,360.0
0,11,42,0,1,0,23.0,426.3
0,6,44,0,0,1,38.0,170.92
0,9,63,0,1,1,40.0,394.45
0,3,40,0,1,1,34.0,245.56
0,13,47,0,0,0,47.0,115.57
0,12,62,0,1,1,48.0,317.52
0,3,64,1,0,0,36.0,323.65
0,5,40,1,0,1,35.0,164.77
0,3,64,1,0,0,56.0,61.0
0,4,37,0,1,1,49.0,129.94
0,9,35,1,0,1,39.0,209.91
1,5,35,0,1,0,18.0,117.03
0,2,19,1,1,0,42.0,127.61
1,5,21,1,0,1,46.0,206.56
0,14,47,0,0,1,5.0,434.71
0,7,50,1,0,1,41.0,355.7
0,6,53,1,0,1,33.0,177.9
0,3,35,1,0,0,35.0,430.64
0,15,54,1,0,0,27.0,308.26
1,9,36,0,0,1,36.0,232.18
0,5,64,1,0,1,55.0,237.32
1,2,45,0,0,1,33.0,214.3
1,2,57,1,0,1,50.0,143.2
1,3,37,0,1,1,28.0,204.65
0,7,50,1,1,0,47.0,261.16
0,11,29,0,0,1,38.0,261.21
0,6,32,0,0,0,42.0,354.69
0,10,58,1,0,0,38.0,193.52
0,6,56,0,0,0,46.0,336.72
0,8,19,0,0,0,7.0,281.24
0,8,46,1,0,0,21.0,434.74
1,3,58,1,1,0,43.0,204.11
1,5,27,0,0,1,13.0,410.49
0,7,19,0,1,1,32.0,378.26
0,2,28,1,0,1,37.0,305.07
0,5,30,1,0,0,28.0,311.81
0,6,27,0,0,0,30.0,83.86
0,17,31,0,0,1,41.0,430.09
0,6,35,0,0,0,50.0,92.77
0,9,26,1,0,0,26.0,275.29
0,6,56,0,0,0,31.0,182.03
0,9,45,1,0,0,29.0,221.94
0,7,20,1,1,0,9.0,294.07
1,10,37,0,1,1,40.0,413.54
0,6,23,0,0,1,49.0,233.03
0,7,44,1,0,0,50.0,445.09
0,7,19,1,0,1,28.0,287.12
0,6,46,0,1,1,23.0,114.22
0,3,55,0,0,0,38.0,126.0
0,2,20,0,0,0,48.0,336.44
0,0,33,0,0,0,40.0,70.16
0,10,47,1,0,1,41.0,242.14
0,4,57,0,0,0,52.0,109.29
1,4,19,0,1,1,29.0,223.29
0,8,34,0,1,1,35.0,349.97
0,5,58,0,0,0,58.0,233.53
1,6,29,0,0,1,36.0,115.38
1,3,52,1,0,1,23.0,150.77
0,12,60,1,0,0,30.0,197.02
1,10,18,0,1,1,27.0,77.82
0,10,62,1,0,0,42.0,283.74
1,6,32,1,0,1,27.0,293.01
0,9,43,0,0,0,41.0,74.86
0,3,54,0,1,1,29.0,210.92
1,0,38,1,0,0,13.0,215.6
0,0,48,0,0,1,42.0,183.53
0,7,42,0,0,0,40.0,273.1
0,6,40,0,0,1,44.0,188.38
0,6,41,0,1,1,30.0,216.56
0,0,55,1,0,0,29.0,369.01
1,6,45,1,0,1,43.0,114.84
0,8,38,1,0,1,56.0,297.65
0,6,60,1,1,1,38.0,252.24
0,8,35,0,0,0,43.0,172.03
1,4,53,0,0,1,34.0,341.01
1,9,52,0,0,1,19.0,270.48
0,7,62,0,1,1,50.0,240.94
1,4,26,0,1,0,49.0,317.07
0,4,55,1,1,0,47.0,370.92
0,7,47,1,0,1,36.0,439.07
0,9,61,0,0,1,45.0,301.74
0,6,51,1,1,1,49.0,399.78
0,4,49,1,0,1,57.0,50.44
0,10,20,0,0,1,50.0,262.09
0,8,20,1,1,1,39.0,135.86
0,6,45,0,0,0,22.0,87.68
0,6,61,1,0,0,40.0,262.79
1,4,32,1,1,1,41.0,348.73
0,7,58,1,1,0,47.0,214.91
0,5,40,0,0,0,54.0,318.04
0,17,57,1,0,1,37.0,245.89
0,6,28,0,0,0,63.0,224.83
1,6,49,0,0,1,17.0,166.1
0,7,53,0,0,1,43.0,203.04
0,11,50,1,0,0,28.0,189.92
0,9,41,1,1,1,15.0,308.47
0,6,56,0,1,1,36.0,96.41
1,8,51,0,1,1,21.0,87.05
0,7,45,0,0,1,36.0,314.01
